COD_LOC,NOMBRE_LOC,CP,POBLACION,OFICINA,PROVINCIA,COD_PROY,ID_EVALUACION,Fecha de ejecucion,COD_AUDITOR,RESULTADO,TITULO_CUESTIONARIO
7402,"SEAT MOTOR ESPAÑA, S.A.",8028,BARCELONA,921,BARCELONA,0588_001,2002844,5/27/14,R00050,0.767,Cuestionario Seat Postventa España 2014
3263,"AUTOMOTOR Y SERVICIOS, S.A.",25194,LLEIDA,921,LLEIDA,0588_001,2002845,6/2/14,R00050,0.7476,Cuestionario Seat Postventa España 2014
4,"LIMPIEZA ECOLOGICA, S.L. DM",28770,COLMENAR VIEJO,921,MADRID,EUROMADI_NF,2002846,5/12/14,P_ORDEN,0.9944,EUROMADI AUDITORÍA EVALUACIÓN PROVEEDORES-NON FOOD
939,939,17230,PALAMOS,921,GIRONA,0200_001,2002848,5/20/14,R29530,0.85,DIA SAN ANTONIO COMPRA PROGRAMADA
464,"GSM BAHIA, S.L.U.",6800,MÉRIDA,921,BADAJOZ,0457_003,2002849,5/19/14,r00063,1,MYSTERY SHOPPER ESPECIALISTA P1 (MAY_14)
03430b,NUEVA AUTOMOCION,6800,MÉRIDA,921,BADAJOZ,0524_004,2002850,5/19/14,r00063,0.7807,Cuestionario Seat Toledo 2º Trim 2014
OP006,"CONCESIÓN EXTREMEÑA DE VEHÍCULOS, S.A. (CONVESA)",6008,BADAJOZ,921,BADAJOZ,0524_004,2002856,5/19/14,r00063,0.5615,Cuestionario Comp. Seat Toledo 2º Trim 2014
653,"CENTROMOVILESBADAJOZ, S.L",6100,OLIVENZA,921,BADAJOZ,0457_003,2002858,5/19/14,r00063,0.9667,MYSTERY SHOPPER ESPECIALISTA P1 (MAY_14)
97,STAND -  CARREFOUR BADAJOZ  VALVERDE,6000,BADAJOZ,921,BADAJOZ,0457_004,2002862,5/19/14,a02401,0.9328,RESUMEN CONSUMO PEC P1 (14.15)
97,STAND -  CARREFOUR BADAJOZ  VALVERDE,6000,BADAJOZ,921,BADAJOZ,0457_004,2002863,5/19/14,a02401,1,CONSUMO IMAGEN CARREFOUR - P1 (14.15)
97,STAND -  CARREFOUR BADAJOZ  VALVERDE,6000,BADAJOZ,921,BADAJOZ,0457_004,2002864,5/19/14,a02401,1,CONSUMO PROCESOS - P1 (14.15)
1570,STAND -- EXPERIS ECI CONQUISTADORES,6004,BADAJOZ,921,BADAJOZ,0457_003,2002868,5/19/14,a02401,0.9212,RESUMEN ESPECIALISTAS ECI PEC P1 (14.15)
1570,STAND -- EXPERIS ECI CONQUISTADORES,6004,BADAJOZ,921,BADAJOZ,0457_003,2002869,5/19/14,a02401,1,ESPECIALISTAS IMAGEN ECI - P1 (14.15)
1570,STAND -- EXPERIS ECI CONQUISTADORES,6004,BADAJOZ,921,BADAJOZ,0457_003,2002870,5/19/14,a02401,0.975,ESPECIALISTAS PROCESOS (ECI) - P1 (14.15)
474,"CENTROMOVILESBADAJOZ, S.L",6200,ALMENDRALEJO,921,BADAJOZ,0457_003,2002872,5/19/14,a02401,0.88,RESUMEN ESPECIALISTAS PEC - P1 (14.15)
474,"CENTROMOVILESBADAJOZ, S.L",6200,ALMENDRALEJO,921,BADAJOZ,0457_003,2002873,5/19/14,a02401,1,ESPECIALISTAS NUEVA IMAGEN - P1 (14.15)
474,"CENTROMOVILESBADAJOZ, S.L",6200,ALMENDRALEJO,921,BADAJOZ,0457_003,2002874,5/19/14,a02401,0.945,ESPECIALISTAS PROCESOS - P1 (14.15)
I001,IMAGINARIUM GLORIAS,8018,BARCELONA,921,BARCELONA,0593_001,2002876,5/19/14,29664,0.7043,Cuestionario Imaginarium 2014
I002,IMAGINARIUM DIAGONAL MAR,8019,BARCELONA,921,BARCELONA,0593_001,2002877,5/19/14,29890,0.8452,Cuestionario Imaginarium 2014
17,Mollerussa,25230,Mollerussa,921,LLEIDA,0289_01,2002879,5/20/14,R29994,0.9436,PlusFresc Mystery 2013
688,688,25600,BALAGUER,921,LLEIDA,0198_001,2002880,5/20/14,R29994,0.8514,DIA LA SELVA C.P.
I001143,HERON CITY,28230,LAS ROZAS,921,MADRID,0010_005,2002920,5/22/14,31328,0.65,Cuestionario Burger King Zena (0114)
41,Línea - 41,28000,MADRID,921,MADRID,0270_002,2002931,5/19/14,R00031,0.9644,EMT - Recorridos 2014
121,Línea - 121,28000,MADRID,921,MADRID,0270_002,2002932,5/19/14,R02031,0.9211,EMT - Recorridos 2014
SP08,La Roca Village,8430,Barcelona,921,BARCELONA,0592_001,2002933,5/31/14,30549,0.9208,Cuestionario Mystery Pepe Jeans España_Portugal
SP13,C. C. Diagonal Mar,8019,Barcelona,921,BARCELONA,0592_001,2002936,5/30/14,33533,0.852,Cuestionario Mystery Pepe Jeans España_Portugal
SP14,C. C. Gran Vía 2,8908,L'Hospitalet de Llobregat,921,BARCELONA,0592_001,2002937,5/23/14,34283,0.9275,Cuestionario Mystery Pepe Jeans España_Portugal
SP15,C.C. La Maquinista,8030,Barcelona,921,BARCELONA,0592_001,2002938,6/6/14,29116,0.9611,Cuestionario Mystery Pepe Jeans España_Portugal
SP17,C.C. L'Illa,8029,Barcelona,921,BARCELONA,0592_001,2002940,5/28/14,34292,0.9722,Cuestionario Mystery Pepe Jeans España_Portugal
SP18,Montcada,8003,Barcelona,921,BARCELONA,0592_001,2002941,5/23/14,34010,0.792,Cuestionario Mystery Pepe Jeans España_Portugal
SP19,Portaferrisa,8002,Barcelona,921,BARCELONA,0592_001,2002942,5/29/14,901_02314,0.8184,Cuestionario Mystery Pepe Jeans España_Portugal
SP23,Ibiza,7800,Ibiza,921,BALEARES,0592_001,2002943,6/6/14,32064,0.8492,Cuestionario Mystery Pepe Jeans España_Portugal
SP33,C. C. Porto Pi,7015,Palma de Mallorca,921,BALEARES,0592_001,2002944,5/30/14,30195,0.7292,Cuestionario Mystery Pepe Jeans España_Portugal
SP34,Jovellanos,7001,Palma de Mallorca,921,BALEARES,0592_001,2002945,5/30/14,30195,0.8123,Cuestionario Mystery Pepe Jeans España_Portugal
SP39,Tarragona,43003,Tarragona,921,TARRAGONA,0592_001,2002946,5/29/14,33511,0.6719,Cuestionario Mystery Pepe Jeans España_Portugal
SP50,Provença,8008,Barcelona,921,BARCELONA,0592_001,2002947,6/4/14,32708,0.8554,Cuestionario Mystery Pepe Jeans España_Portugal
22,Línea - 22,28000,MADRID,921,MADRID,0270_002,2002948,5/20/14,R00031,0.8605,EMT - Recorridos 2014
152,Línea - 152,28000,MADRID,921,MADRID,0270_002,2002949,5/20/14,R00028,0.8583,EMT - Recorridos 2014
41,Línea - 41,28000,MADRID,921,MADRID,0270_002,2002950,5/20/14,R00028,0.8596,EMT - Recorridos 2014
65,Línea - 65,28000,MADRID,921,MADRID,0270_002,2002951,5/19/14,R00031,0.8892,EMT - Recorridos 2014
75,Línea - 75,28000,MADRID,921,MADRID,0270_002,2002952,5/20/14,R00031,0.9644,EMT - Recorridos 2014
SP40,C.C Meridiano,38005,Tenerife,921,SANTA CRUZ DE TENERIFE,0592_001,2002953,5/29/14,29590,0.8214,Cuestionario Mystery Pepe Jeans España_Portugal
22,Línea - 22,28000,MADRID,921,MADRID,0270_002,2002954,5/19/14,R00096,0.9075,EMT - Recorridos 2014
145,Línea - 145,28000,MADRID,921,MADRID,0270_002,2002955,5/19/14,R00096,0.9075,EMT - Recorridos 2014
65,Línea - 65,28000,MADRID,921,MADRID,0270_002,2002956,5/19/14,R01127,0.8649,EMT - Recorridos 2014
75,Línea - 75,28000,MADRID,921,MADRID,0270_002,2002957,5/19/14,R01127,0.9462,EMT - Recorridos 2014
121,Línea - 121,28000,MADRID,921,MADRID,0270_002,2002958,5/20/14,R02031,0.8984,EMT - Recorridos 2014
141,Línea - 141,28000,MADRID,921,MADRID,0270_002,2002959,5/20/14,R02031,0.9081,EMT - Recorridos 2014
152,Línea - 152,28000,MADRID,921,MADRID,0270_002,2002960,5/20/14,R02031,0.8128,EMT - Recorridos 2014
SP41,C.C. Bonaire,46960,Aldaia,921,VALENCIA,0592_001,2002961,5/24/14,31924,0.6966,Cuestionario Mystery Pepe Jeans España_Portugal
SP10,CC. Park Avenue,48903,San Vicente de Barakaldo.,921,VIZCAYA,0592_001,2002962,5/22/14,33598,0.8492,Cuestionario Mystery Pepe Jeans España_Portugal
SP20,Gran Via Bilbao,48011,Bilbao,921,VIZCAYA,0592_001,2002963,6/6/14,33568,0.9347,Cuestionario Mystery Pepe Jeans España_Portugal
SP21,C.C Zubiarte,48001,Bilbao,921,VIZCAYA,0592_001,2002964,6/5/14,31915,0.9125,Cuestionario Mystery Pepe Jeans España_Portugal
SP35,C.C. La Morea,31192,Pamplona,921,NAVARRA,0592_001,2002965,6/6/14,32526,0.7427,Cuestionario Mystery Pepe Jeans España_Portugal
SP37,C.C. Urbil,20170,Usurbil,921,GUIPUZCOA,0592_001,2002966,5/23/14,32333,0.9234,Cuestionario Mystery Pepe Jeans España_Portugal
SP38,San Sebastián,20005,San Sebastián,921,GUIPUZCOA,0592_001,2002967,5/29/14,32333,0.6595,Cuestionario Mystery Pepe Jeans España_Portugal
SP44,C.C. Boulevard,1013,Vitoria,921,ALAVA,0592_001,2002968,6/6/14,29880,0.8097,Cuestionario Mystery Pepe Jeans España_Portugal
SP45,Vitoria,1005,Vitoria,921,ALAVA,0592_001,2002969,6/4/14,29880,0.907,Cuestionario Mystery Pepe Jeans España_Portugal
SP46,C.C. Max Center,48903,Barakaldo,921,VIZCAYA,0592_001,2002970,5/30/14,33598,0.9214,Cuestionario Mystery Pepe Jeans España_Portugal
SP47,Artea,48940,Lejona,921,VIZCAYA,0592_001,2002971,5/30/14,33598,0.8889,Cuestionario Mystery Pepe Jeans España_Portugal
SP51,C.C. Parque Principado,33429,Siero,921,ASTURIAS,0592_001,2002972,6/6/14,2717,0.9069,Cuestionario Mystery Pepe Jeans España_Portugal
141,Línea - 141,28000,MADRID,921,MADRID,0270_002,2002973,5/19/14,R02031,0.7977,EMT - Recorridos 2014
145,Línea - 145,28000,MADRID,921,MADRID,0270_002,2002974,5/20/14,R00031,0.9514,EMT - Recorridos 2014
SP32,C.C. Pontevella,32003,Orense,921,ORENSE,0592_001,2002979,6/11/14,33466,0.8473,Cuestionario Mystery Pepe Jeans España_Portugal
SP43,C.C. Gran Vía,36210,Vigo,921,PONTEVEDRA,0592_001,2002980,6/6/14,29100,0.9264,Cuestionario Mystery Pepe Jeans España_Portugal
SP49,Plaza Lugo,15004,A Coruña,921,A CORUÑA,0592_001,2002981,5/28/14,31223,0.843,Cuestionario Mystery Pepe Jeans España_Portugal
SP54,Principe,36202,Vigo,921,PONTEVEDRA,0592_001,2002982,6/5/14,29100,0.8764,Cuestionario Mystery Pepe Jeans España_Portugal
315,MUNTEL - PARLA,28980,PARLA,921,MADRID,0457_002,2003003,5/20/14,A32878,0.8917,RESUMEN FFQQ PEC - P1 (14.15)
315,MUNTEL - PARLA,28980,PARLA,921,MADRID,0457_002,2003004,5/20/14,A32878,1,FFQQ PROCESOS - P1 (14.15)
315,MUNTEL - PARLA,28980,PARLA,921,MADRID,0457_002,2003005,5/20/14,A32878,1,FFQQ NUEVA IMAGEN (ESPECIALISTAS ) - P1 (14.15)
Bon_00000000021,BONPREU,80,BARCELONA,921,BARCELONA,0159_008,2003007,5/15/14,R29462,1,Controls de sortida Bon Preu
2,VALLADOLID,47195,ARROYO DE LA ENCOMIENDA,921,VALLADOLID,0513_001,2003008,5/20/14,A00156,0.8893,LLAOLLAO AUDITORIAS (MAY_14)
486,"GRUPO LIDERTEL, S.L.",28003,MADRID,921,MADRID,0457_003,2003011,5/22/14,29109,0.5,MYSTERY SHOPPER COMERCIAL ESPECIALISTA P2 (MAY_14)
219,SALAMANCA - Toro,37002,Salamanca,921,SALAMANCA,0457_002,2003012,5/23/14,R02615,0.9,MYSTERY SHOPPER SERVICIO FFQQ P1 (MAY_14 )
49,TOLEDO - Alberche,45007,Toledo,921,TOLEDO,0457_002,2003013,5/23/14,R31755,0.7,MYSTERY SHOPPER SERVICIO FFQQ P1 (MAY_14 )
50,PARLA - Pinto,28980,Parla,921,MADRID,0457_002,2003014,5/22/14,R02615,0.775,MYSTERY SHOPPER SERVICIO FFQQ P1 (MAY_14 )
302,"LUALBO, S.L",28222,MAJADAHONDA,921,MADRID,0457_002,2003015,5/26/14,R00096,0.3133,MYSTERY SHOPPER SERVICIO PDV 2.0 FFQQ P1 (MAY 14)
1513,"AUSARTA MEDIA, S.L.",39010,Santander,921,CANTABRIA,0457_003,2003018,5/19/14,A02747,0.975,RESUMEN ESPECIALISTAS PEC - P1 (14.15)
1513,"AUSARTA MEDIA, S.L.",39010,Santander,921,CANTABRIA,0457_003,2003019,5/19/14,A02747,1,ESPECIALISTAS PROCESOS - P1 (14.15)
1513,"AUSARTA MEDIA, S.L.",39010,Santander,921,CANTABRIA,0457_003,2003020,5/19/14,A02747,1,ESPECIALISTAS ANTIGUA IMAGEN (FQ) - P1 (14.15)
155,STAND -  CARREFOUR SANTANDER,39000,SANTANDER,921,CANTABRIA,0457_004,2003021,5/19/14,A02747,0.9617,RESUMEN CONSUMO PEC P1 (14.15)
155,STAND -  CARREFOUR SANTANDER,39000,SANTANDER,921,CANTABRIA,0457_004,2003022,5/19/14,A02747,1,CONSUMO IMAGEN CARREFOUR - P1 (14.15)
155,STAND -  CARREFOUR SANTANDER,39000,SANTANDER,921,CANTABRIA,0457_004,2003023,5/19/14,A02747,1,CONSUMO PROCESOS - P1 (14.15)
050213P,ZARAUTO,50012,ZARAGOZA,921,ZARAGOZA,0346_005,2003024,5/21/14,33402,0.9509,Peugeot 208 Gasolina
15,Verdecora Zaragoza,50157,Zaragoza,921,ZARAGOZA,0148_001,2003025,5/30/14,34180,1,Cuestionario Gardens Secciones
15,Verdecora Zaragoza,50157,Zaragoza,921,ZARAGOZA,0148_001,2003026,5/30/14,34180,0.96,Cuestionario Gardens Secciones
15,Verdecora Zaragoza,50157,Zaragoza,921,ZARAGOZA,0148_001,2003027,5/30/14,34180,1,Cuestionario Gardens Secciones
15,Verdecora Zaragoza,50157,Zaragoza,921,ZARAGOZA,0148_001,2003028,5/30/14,34180,0.96,Cuestionario Gardens Secciones
15,Verdecora Zaragoza,50157,Zaragoza,921,ZARAGOZA,0148_001,2003029,5/30/14,34180,1,Cuestionario Gardens Cajas
416,"ZAITEL 500 , S.L.",50008,ZARAGOZA,921,ZARAGOZA,0457_003,2003030,5/20/14,33566,1,MYSTERY SHOPPER ESPECIALISTA P1 (MAY_14)
417,"ZAITEL 500 , S.L.",50007,ZARAGOZA,921,ZARAGOZA,0457_003,2003031,5/21/14,34180,0.88,MYSTERY SHOPPER ESPECIALISTA P1 (MAY_14)
0857b,New Concept Vivacom S.L.,50001,ZARAGOZA,921,ZARAGOZA,0457_003,2003032,5/21/14,31290,0.9167,MYSTERY SHOPPER ESPECIALISTA P1 (MAY_14)
58,Santander Monasterio,39010,SANTANDER,921,CANTABRIA,0457_001,2003033,5/19/14,A02741,0.9025,RESUMEN TTPP PEC - P1 (14.15)
58,Santander Monasterio,39010,SANTANDER,921,CANTABRIA,0457_001,2003034,5/19/14,A02741,1,TTPP PROCESOS - P1 (14.15)
58,Santander Monasterio,39010,SANTANDER,921,CANTABRIA,0457_001,2003035,5/19/14,A02741,1,TTPP - IMAGEN 2.0 P1 (14.15)
1580a,STAND -- AJ CHANNEL 2013 - ECI SANTANDER,39011,SANTANDER,921,CANTABRIA,0457_003,2003036,5/19/14,A02741,0.8647,RESUMEN ESPECIALISTAS ECI PEC P1 (14.15)
1580a,STAND -- AJ CHANNEL 2013 - ECI SANTANDER,39011,SANTANDER,921,CANTABRIA,0457_003,2003037,5/19/14,A02741,1,ESPECIALISTAS IMAGEN ECI - P1 (14.15)
1580a,STAND -- AJ CHANNEL 2013 - ECI SANTANDER,39011,SANTANDER,921,CANTABRIA,0457_003,2003038,5/19/14,A02741,0.985,ESPECIALISTAS PROCESOS (ECI) - P1 (14.15)
SP02,Jinamar,35220,Las Palmas de Gran Canaria,921,"PALMAS, LAS",0592_001,2003039,6/3/14,32215,0.4748,Cuestionario Mystery Pepe Jeans España_Portugal
325,SPAIN TIME - VECINDARIO,35110,VECINDARIO,921,"PALMAS, LAS",0457_002,2003040,5/23/14,34196,0.975,MYSTERY SHOPPER FFQQ PDV 2.0 P1 (MAY_14)
1,MUEBLES BOOM_CIGALES,47270,CIGALES,921,VALLADOLID,0383_001,2003068,5/21/14,R00096,1,Check_Muebles Boom
10,MUEBLES LIQUIDA TODO_PALENCIA,34003,PALENCIA,921,PALENCIA,0383_001,2003069,5/27/14,33245,0.8663,Check_Muebles Boom
14,MUEBLES LIQUIDA TODO_ARGALES,47008,VALLADOLID,921,VALLADOLID,0383_001,2003070,5/21/14,33013,0.7646,Check_Muebles Boom
19,BOOM FUENLABRADA,28946,FUENLABRADA,921,MADRID,0383_001,2003072,5/28/14,33887,0.8404,Check_Muebles Boom
20,BOOM VALLADOLID,47012,VALLADOLID,921,VALLADOLID,0383_001,2003073,5/21/14,33673,1,Check_Muebles Boom
22,BOOM LAS ROZAS,28230,LAS ROZAS,921,MADRID,0383_001,2003074,5/23/14,31595,0.8856,Check_Muebles Boom
23,BOOM ARROYO DE LA ENCOMIENDA,47195,ARROYO DE LA ENCOMIENDA,921,VALLADOLID,0383_001,2003075,5/23/14,33013,0.8517,Check_Muebles Boom
25,MUEBLES LIQUIDATODO_VALLADOLID,47012,VALLADOLID,921,VALLADOLID,0383_001,2003076,5/21/14,33681,0.978,Check_Muebles Boom
26,MUEBLES BOOM - MADRID GENERAL YAGÜE,28020,MADRID,921,MADRID,0383_001,2003077,5/21/14,33571,0.7225,Check_Muebles Boom
3,MUEBLES BOOM_MEDINA,47400,MEDINA,921,VALLADOLID,0383_001,2003078,5/27/14,33763,0.9504,Check_Muebles Boom
5,MUEBLES BOOM_SALAMANCA,37184,SALAMANCA,921,SALAMANCA,0383_001,2003079,5/28/14,R31755,0.9504,Check_Muebles Boom
6,MUEBLES BOOM_MADRID,28922,ALCORCON,921,MADRID,0383_001,2003080,5/21/14,29109,0.8032,Check_Muebles Boom
SP03,Factory Getafe,28906,Getafe,921,MADRID,0592_001,2003081,5/21/14,2687,0.8137,Cuestionario Mystery Pepe Jeans España_Portugal
SP04,Factory Las Rozas,28230,Las Rozas,921,MADRID,0592_001,2003082,5/23/14,31595,0.8804,Cuestionario Mystery Pepe Jeans España_Portugal
SP05,Las Rozas Village,28230,Las Rozas,921,MADRID,0592_001,2003083,5/23/14,31595,0.8804,Cuestionario Mystery Pepe Jeans España_Portugal
SP06,S.S de los Reyes,28702,San Sebastián de los Reyes,921,MADRID,0592_001,2003084,6/4/14,524,0.7056,Cuestionario Mystery Pepe Jeans España_Portugal
SP24,C.C. Parque Sur,28916,Leganés,921,MADRID,0592_001,2003085,6/9/14,2615,0.4069,Cuestionario Mystery Pepe Jeans España_Portugal
SP25,C.C. Plaza Norte 2,28700,San Sebastián de los Reyes,921,MADRID,0592_001,2003086,6/4/14,2583,0.772,Cuestionario Mystery Pepe Jeans España_Portugal
SP26,C.C. Xanadú,28939,Arroyomolinos,921,MADRID,0592_001,2003087,6/4/14,33171,0.8476,Cuestionario Mystery Pepe Jeans España_Portugal
SP27,C/ Fuencarral,28004,Madrid,921,MADRID,0592_001,2003088,5/24/14,33014,0.8061,Cuestionario Mystery Pepe Jeans España_Portugal
SP42,Valladolid,47001,Valladolid,921,VALLADOLID,0592_001,2003089,5/24/14,33013,0.6566,Cuestionario Mystery Pepe Jeans España_Portugal
SP52,Puerto Venecia,50021,Zaragoza,921,ZARAGOZA,0592_001,2003090,6/4/14,34180,0.8672,Cuestionario Mystery Pepe Jeans España_Portugal
SP53,Claudio Coello,28001,Madrid,921,MADRID,0592_001,2003091,6/2/14,30105,0.862,Cuestionario Mystery Pepe Jeans España_Portugal
1901,Aventel,28000,Aventel,921,MADRID,0005_024,2003093,5/6/14,credimas,0,Check_Citibank Credimas
1902,Aventel,28000,Aventel,921,MADRID,0005_024,2003094,5/7/14,credimas,0,Check_Citibank Credimas
1903,Aventel,28000,Aventel,921,MADRID,0005_024,2003095,5/12/14,credimas,0,Check_Citibank Credimas
1905,Aventel,28000,Aventel,921,MADRID,0005_024,2003097,5/14/14,credimas,0,Check_Citibank Credimas
1906,Aventel,28000,Aventel,921,MADRID,0005_024,2003098,5/16/14,credimas,0,Check_Citibank Credimas
1907,Aventel,28000,Aventel,921,MADRID,0005_024,2003099,5/19/14,credimas,0,Check_Citibank Credimas
1908,Aventel,28000,Aventel,921,MADRID,0005_024,2003100,5/20/14,credimas,0,Check_Citibank Credimas
1909,Aventel,28000,Aventel,921,MADRID,0005_024,2003101,5/21/14,credimas,0,Check_Citibank Credimas
1910,Aventel,28000,Aventel,921,MADRID,0005_024,2003102,5/22/14,credimas,0,Check_Citibank Credimas
1911,Aventel,28000,Aventel,921,MADRID,0005_024,2003103,5/23/14,credimas,0,Check_Citibank Credimas
1912,Aventel,28000,Aventel,921,MADRID,0005_024,2003104,5/6/14,credimas,0,Check_Citibank Credimas
1914,Aventel,28000,Aventel,921,MADRID,0005_024,2003106,5/13/14,credimas,0,Check_Citibank Credimas
1915,Aventel,28000,Aventel,921,MADRID,0005_024,2003107,5/13/14,credimas,0,Check_Citibank Credimas
1916,Aventel,28000,Aventel,921,MADRID,0005_024,2003108,5/14/14,credimas,0,Check_Citibank Credimas
1917,Aventel,28000,Aventel,921,MADRID,0005_024,2003109,5/16/14,credimas,0,Check_Citibank Credimas
1918,Aventel,28000,Aventel,921,MADRID,0005_024,2003110,5/19/14,credimas,0,Check_Citibank Credimas
1919,Aventel,28000,Aventel,921,MADRID,0005_024,2003111,5/20/14,credimas,0,Check_Citibank Credimas
1920,Aventel,28000,Aventel,921,MADRID,0005_024,2003112,5/21/14,credimas,0,Check_Citibank Credimas
1921,Aventel,28000,Aventel,921,MADRID,0005_024,2003113,5/22/14,credimas,0,Check_Citibank Credimas
1922,Aventel,28000,Aventel,921,MADRID,0005_024,2003114,5/23/14,credimas,0,Check_Citibank Credimas
1923,Aventel,28000,Aventel,921,MADRID,0005_024,2003115,5/23/14,credimas,0,Check_Citibank Credimas
1951,Salesland,28000,Salesland,921,MADRID,0005_024,2003143,5/5/14,credimas,0,Check_Citibank Credimas
1952,Salesland,28000,Salesland,921,MADRID,0005_024,2003144,5/6/14,credimas,0,Check_Citibank Credimas
1953,Salesland,28000,Salesland,921,MADRID,0005_024,2003145,5/7/14,credimas,0,Check_Citibank Credimas
1954,Salesland,28000,Salesland,921,MADRID,0005_024,2003146,5/8/14,credimas,0,Check_Citibank Credimas
1962,Salesland,28000,Salesland,921,MADRID,0005_024,2003154,5/19/14,credimas,0,Check_Citibank Credimas
1970,Salesland,28000,Salesland,921,MADRID,0005_024,2003162,5/6/14,credimas,0,Check_Citibank Credimas
1999,Cititeam,28000,Cititeam,921,MADRID,0005_024,2003191,5/5/14,credimas,0,Check_Citibank Credimas
2000,Cititeam,28000,Cititeam,921,MADRID,0005_024,2003192,5/5/14,credimas,0,Check_Citibank Credimas
2001,Cititeam,28000,Cititeam,921,MADRID,0005_024,2003193,5/8/14,credimas,0,Check_Citibank Credimas
2002,Cititeam,28000,Cititeam,921,MADRID,0005_024,2003194,5/8/14,credimas,0,Check_Citibank Credimas
2003,Cititeam,28000,Cititeam,921,MADRID,0005_024,2003195,5/8/14,credimas,0,Check_Citibank Credimas
2004,Cititeam,28000,Cititeam,921,MADRID,0005_024,2003196,5/13/14,credimas,0,Check_Citibank Credimas
2005,Cititeam,28000,Cititeam,921,MADRID,0005_024,2003197,5/14/14,credimas,0,Check_Citibank Credimas
2006,Cititeam,28000,Cititeam,921,MADRID,0005_024,2003198,5/16/14,credimas,0,Check_Citibank Credimas
2007,Cititeam,28000,Cititeam,921,MADRID,0005_024,2003199,5/19/14,credimas,0,Check_Citibank Credimas
2008,Cititeam,28000,Cititeam,921,MADRID,0005_024,2003200,5/19/14,credimas,0,Check_Citibank Credimas
2009,Cititeam,28000,Cititeam,921,MADRID,0005_024,2003201,5/19/14,credimas,0,Check_Citibank Credimas
2010,Cititeam,28000,Cititeam,921,MADRID,0005_024,2003202,5/20/14,credimas,0,Check_Citibank Credimas
2011,Cititeam,28000,Cititeam,921,MADRID,0005_024,2003203,5/20/14,credimas,0,Check_Citibank Credimas
2012,Cititeam,28000,Cititeam,921,MADRID,0005_024,2003204,5/21/14,credimas,0,Check_Citibank Credimas
2013,Cititeam,28000,Cititeam,921,MADRID,0005_024,2003205,5/21/14,credimas,0,Check_Citibank Credimas
2014,Cititeam,28000,Cititeam,921,MADRID,0005_024,2003206,5/22/14,credimas,0,Check_Citibank Credimas
2015,Cititeam,28000,Cititeam,921,MADRID,0005_024,2003207,5/22/14,credimas,0,Check_Citibank Credimas
2016,Cititeam,28000,Cititeam,921,MADRID,0005_024,2003208,5/23/14,credimas,0,Check_Citibank Credimas
2017,Cititeam,28000,Cititeam,921,MADRID,0005_024,2003209,5/23/14,credimas,0,Check_Citibank Credimas
2018,Cititeam,28000,Cititeam,921,MADRID,0005_024,2003210,5/21/14,credimas,0,Check_Citibank Credimas
2019,Cititeam,28000,Cititeam,921,MADRID,0005_024,2003211,5/21/14,credimas,0,Check_Citibank Credimas
2020,Cititeam,28000,Cititeam,921,MADRID,0005_024,2003212,5/21/14,credimas,0,Check_Citibank Credimas
2021,Cititeam,28000,Cititeam,921,MADRID,0005_024,2003213,5/20/14,credimas,0,Check_Citibank Credimas
2022,Cititeam,28000,Cititeam,921,MADRID,0005_024,2003214,5/20/14,credimas,0,Check_Citibank Credimas
3356,Salesland,28000,Salesland,921,MADRID,0005_012,2003294,5/5/14,credit,0,Check_Citibank_Credit_Shield
3357,Salesland,28000,Salesland,921,MADRID,0005_012,2003295,5/5/14,credit,0,Check_Citibank_Credit_Shield
3358,Salesland,28000,Salesland,921,MADRID,0005_012,2003296,5/5/14,credit,0,Check_Citibank_Credit_Shield
3359,Salesland,28000,Salesland,921,MADRID,0005_012,2003297,5/6/14,credit,0,Check_Citibank_Credit_Shield
3362,Salesland,28000,Salesland,921,MADRID,0005_012,2003300,5/7/14,credit,0,Check_Citibank_Credit_Shield
3364,Salesland,28000,Salesland,921,MADRID,0005_012,2003302,5/7/14,credit,0,Check_Citibank_Credit_Shield
3368,Salesland,28000,Salesland,921,MADRID,0005_012,2003306,5/9/14,credit,0,Check_Citibank_Credit_Shield
3369,Salesland,28000,Salesland,921,MADRID,0005_012,2003307,5/12/14,credit,0,Check_Citibank_Credit_Shield
3371,Salesland,28000,Salesland,921,MADRID,0005_012,2003309,5/13/14,credit,0,Check_Citibank_Credit_Shield
3373,Salesland,28000,Salesland,921,MADRID,0005_012,2003311,5/14/14,credit,0,Check_Citibank_Credit_Shield
3374,Salesland,28000,Salesland,921,MADRID,0005_012,2003312,5/14/14,credit,0,Check_Citibank_Credit_Shield
3375,Salesland,28000,Salesland,921,MADRID,0005_012,2003313,5/16/14,credit,0,Check_Citibank_Credit_Shield
3378,Salesland,28000,Salesland,921,MADRID,0005_012,2003316,5/19/14,credit,0,Check_Citibank_Credit_Shield
3379,Salesland,28000,Salesland,921,MADRID,0005_012,2003317,5/19/14,credit,0,Check_Citibank_Credit_Shield
3381,Salesland,28000,Salesland,921,MADRID,0005_012,2003319,5/20/14,credit,0,Check_Citibank_Credit_Shield
3384,Salesland,28000,Salesland,921,MADRID,0005_012,2003322,5/21/14,credit,0,Check_Citibank_Credit_Shield
3385,Salesland,28000,Salesland,921,MADRID,0005_012,2003323,5/21/14,credit,0,Check_Citibank_Credit_Shield
3386,Salesland,28000,Salesland,921,MADRID,0005_012,2003324,5/21/14,credit,0,Check_Citibank_Credit_Shield
3388,Salesland,28000,Salesland,921,MADRID,0005_012,2003326,5/22/14,credit,0,Check_Citibank_Credit_Shield
3390,Salesland,28000,Salesland,921,MADRID,0005_012,2003328,5/23/14,credit,0,Check_Citibank_Credit_Shield
3391,Salesland,28000,Salesland,921,MADRID,0005_012,2003329,5/23/14,credit,0,Check_Citibank_Credit_Shield
3392,Salesland,28000,Salesland,921,MADRID,0005_012,2003330,5/23/14,credit,0,Check_Citibank_Credit_Shield
3393,Salesland,28000,Salesland,921,MADRID,0005_012,2003331,5/26/14,credit,0,Check_Citibank_Credit_Shield
3394,Salesland,28000,Salesland,921,MADRID,0005_012,2003332,5/26/14,credit,0,Check_Citibank_Credit_Shield
3395,Salesland,28000,Salesland,921,MADRID,0005_012,2003333,5/26/14,credit,0,Check_Citibank_Credit_Shield
3396,Salesland,28000,Salesland,921,MADRID,0005_012,2003334,5/27/14,credit,0,Check_Citibank_Credit_Shield
3397,Salesland,28000,Salesland,921,MADRID,0005_012,2003335,5/27/14,credit,0,Check_Citibank_Credit_Shield
1450,Contesta,28000,Contesta,921,MADRID,0005_023,2003444,5/5/14,activa,0,Check_Citibank_Monotoring_Activación
1451,Contesta,28000,Contesta,921,MADRID,0005_023,2003445,5/7/14,activa,0,Check_Citibank_Monotoring_Activación
1452,Contesta,28000,Contesta,921,MADRID,0005_023,2003446,5/8/14,activa,0,Check_Citibank_Monotoring_Activación
1454,Contesta,28000,Contesta,921,MADRID,0005_023,2003448,5/8/14,activa,0,Check_Citibank_Monotoring_Activación
1456,Contesta,28000,Contesta,921,MADRID,0005_023,2003450,5/12/14,activa,0,Check_Citibank_Monotoring_Activación
1457,Contesta,28000,Contesta,921,MADRID,0005_023,2003451,5/13/14,activa,0,Check_Citibank_Monotoring_Activación
1458,Contesta,28000,Contesta,921,MADRID,0005_023,2003452,5/21/14,activa,0,Check_Citibank_Monotoring_Activación
1461,Contesta,28000,Contesta,921,MADRID,0005_023,2003455,5/6/14,activa,0,Check_Citibank_Monotoring_Activación
1462,Contesta,28000,Contesta,921,MADRID,0005_023,2003456,5/28/14,activa,0,Check_Citibank_Monotoring_Activación
1500,Salesland,28000,Salesland,921,MADRID,0005_023,2003494,5/19/14,activa,0,Check_Citibank_Monotoring_Activación
1501,Salesland,28000,Salesland,921,MADRID,0005_023,2003495,5/16/14,activa,0,Check_Citibank_Monotoring_Activación
1552,Cititeam,28000,Cititeam,921,MADRID,0005_023,2003546,5/20/14,activa,0,Check_Citibank_Monotoring_Activación
1554,Cititeam,28000,Cititeam,921,MADRID,0005_023,2003548,5/8/14,activa,0,Check_Citibank_Monotoring_Activación
1555,Cititeam,28000,Cititeam,921,MADRID,0005_023,2003549,5/21/14,activa,0,Check_Citibank_Monotoring_Activación
1556,Cititeam,28000,Cititeam,921,MADRID,0005_023,2003550,5/14/14,activa,0,Check_Citibank_Monotoring_Activación
1560,Cititeam,28000,Cititeam,921,MADRID,0005_023,2003554,5/27/14,activa,0,Check_Citibank_Monotoring_Activación
1570,Cititeam,28000,Cititeam,921,MADRID,0005_023,2003564,5/9/14,activa,0,Check_Citibank_Monotoring_Activación
1571,Cititeam,28000,Cititeam,921,MADRID,0005_023,2003565,5/20/14,activa,0,Check_Citibank_Monotoring_Activación
1572,Cititeam,28000,Cititeam,921,MADRID,0005_023,2003566,5/8/14,activa,0,Check_Citibank_Monotoring_Activación
1573,Cititeam,28000,Cititeam,921,MADRID,0005_023,2003567,5/16/14,activa,0,Check_Citibank_Monotoring_Activación
1574,Cititeam,28000,Cititeam,921,MADRID,0005_023,2003568,5/22/14,activa,0,Check_Citibank_Monotoring_Activación
1575,Cititeam,28000,Cititeam,921,MADRID,0005_023,2003569,5/22/14,activa,0,Check_Citibank_Monotoring_Activación
1576,Cititeam,28000,Cititeam,921,MADRID,0005_023,2003570,5/8/14,activa,0,Check_Citibank_Monotoring_Activación
7000,Aventel,28000,TE SIN FEE,921,MADRID,0005_022,2003594,5/20/14,citi_lop,0,Cuestionario TE LOP
7001,Aventel,28000,TE SIN FEE,921,MADRID,0005_022,2003595,5/20/14,citi_lop,0,Cuestionario TE LOP
7002,Aventel,28000,TE SIN FEE,921,MADRID,0005_022,2003596,5/20/14,citi_lop,0,Cuestionario TE LOP
7004,Aventel,28000,TE SIN FEE,921,MADRID,0005_022,2003598,5/20/14,citi_lop,0,Cuestionario TE LOP
7005,Aventel,28000,TE SIN FEE,921,MADRID,0005_022,2003599,5/20/14,citi_lop,0,Cuestionario TE LOP
7006,Aventel,28000,TE SIN FEE,921,MADRID,0005_022,2003600,5/20/14,citi_lop,0,Cuestionario TE LOP
7007,Aventel,28000,TE SIN FEE,921,MADRID,0005_022,2003601,5/20/14,citi_lop,0,Cuestionario TE LOP
7008,Aventel,28000,TE SIN FEE,921,MADRID,0005_022,2003602,5/20/14,citi_lop,0,Cuestionario TE LOP
7009,Aventel,28000,TE SIN FEE,921,MADRID,0005_022,2003603,5/20/14,citi_lop,0,Cuestionario TE LOP
7010,Aventel,28000,TE SIN FEE,921,MADRID,0005_022,2003604,5/20/14,citi_lop,0,Cuestionario TE LOP
7011,Aventel,28000,TE SIN FEE,921,MADRID,0005_022,2003605,5/20/14,citi_lop,0,Cuestionario TE LOP
7012,Aventel,28000,TE SIN FEE,921,MADRID,0005_022,2003606,5/20/14,citi_lop,0,Cuestionario TE LOP
7013,Aventel,28000,TE SIN FEE,921,MADRID,0005_022,2003607,5/20/14,citi_lop,0,Cuestionario TE LOP
7014,Aventel,28000,TE SIN FEE,921,MADRID,0005_022,2003608,5/20/14,citi_lop,0,Cuestionario TE LOP
7015,Aventel,28000,TE SIN FEE,921,MADRID,0005_022,2003609,5/20/14,citi_lop,0,Cuestionario TE LOP
7016,Aventel,28000,TE SIN FEE,921,MADRID,0005_022,2003610,5/20/14,citi_lop,0,Cuestionario TE LOP
7017,Aventel,28000,TE SIN FEE,921,MADRID,0005_022,2003611,5/20/14,citi_lop,0,Cuestionario TE LOP
7018,Aventel,28000,TE SIN FEE,921,MADRID,0005_022,2003612,5/20/14,citi_lop,0,Cuestionario TE LOP
7019,Aventel,28000,TE SIN FEE,921,MADRID,0005_022,2003613,5/20/14,citi_lop,0,Cuestionario TE LOP
7020,Aventel,28000,TE SIN FEE,921,MADRID,0005_022,2003614,5/20/14,citi_lop,0,Cuestionario TE LOP
7021,Aventel,28000,TE SIN FEE,921,MADRID,0005_022,2003615,5/20/14,citi_lop,0,Cuestionario TE LOP
7022,Aventel,28000,TE SIN FEE,921,MADRID,0005_022,2003616,5/20/14,citi_lop,0,Cuestionario TE LOP
7023,Aventel,28000,TE SIN FEE,921,MADRID,0005_022,2003617,5/20/14,citi_lop,0,Cuestionario TE LOP
7024,Aventel,28000,TE SIN FEE,921,MADRID,0005_022,2003618,5/20/14,citi_lop,0,Cuestionario TE LOP
7025,Aventel,28000,TE SIN FEE,921,MADRID,0005_022,2003619,5/20/14,citi_lop,0,Cuestionario TE LOP
7026,Aventel,28000,TE SIN FEE,921,MADRID,0005_022,2003620,5/20/14,citi_lop,0,Cuestionario TE LOP
7027,Aventel,28000,TE SIN FEE,921,MADRID,0005_022,2003621,5/20/14,citi_lop,0,Cuestionario TE LOP
7028,Aventel,28000,TE SIN FEE,921,MADRID,0005_022,2003622,5/20/14,citi_lop,0,Cuestionario TE LOP
7029,Aventel,28000,TE SIN FEE,921,MADRID,0005_022,2003623,5/20/14,citi_lop,0,Cuestionario TE LOP
7030,Aventel,28000,TE SIN FEE,921,MADRID,0005_022,2003624,5/27/14,citi_lop,0,Cuestionario TE LOP
7031,Aventel,28000,TE SIN FEE,921,MADRID,0005_022,2003625,5/27/14,citi_lop,0,Cuestionario TE LOP
7032,Aventel,28000,TE SIN FEE,921,MADRID,0005_022,2003626,5/27/14,citi_lop,0,Cuestionario TE LOP
7033,Aventel,28000,TE SIN FEE,921,MADRID,0005_022,2003627,5/27/14,citi_lop,0,Cuestionario TE LOP
7034,Aventel,28000,TE SIN FEE,921,MADRID,0005_022,2003628,5/27/14,citi_lop,0,Cuestionario TE LOP
7035,Aventel,28000,TE SIN FEE,921,MADRID,0005_022,2003629,5/27/14,citi_lop,0,Cuestionario TE LOP
7036,Aventel,28000,TE SIN FEE,921,MADRID,0005_022,2003630,5/27/14,citi_lop,0,Cuestionario TE LOP
7037,Aventel,28000,TE SIN FEE,921,MADRID,0005_022,2003631,5/27/14,citi_lop,0,Cuestionario TE LOP
7038,Aventel,28000,TE SIN FEE,921,MADRID,0005_022,2003632,5/27/14,citi_lop,0,Cuestionario TE LOP
7039,Aventel,28000,TE SIN FEE,921,MADRID,0005_022,2003633,5/27/14,citi_lop,0,Cuestionario TE LOP
7040,Aventel,28000,TE SIN FEE,921,MADRID,0005_022,2003634,5/27/14,citi_lop,0,Cuestionario TE LOP
7041,Aventel,28000,TE SIN FEE,921,MADRID,0005_022,2003635,5/27/14,citi_lop,0,Cuestionario TE LOP
7042,Aventel,28000,TE SIN FEE,921,MADRID,0005_022,2003636,5/27/14,citi_lop,0,Cuestionario TE LOP
7043,Aventel,28000,TE SIN FEE,921,MADRID,0005_022,2003637,5/27/14,citi_lop,0,Cuestionario TE LOP
7044,Aventel,28000,TE SIN FEE,921,MADRID,0005_022,2003638,5/27/14,citi_lop,0,Cuestionario TE LOP
7045,Aventel,28000,TE SIN FEE,921,MADRID,0005_022,2003639,5/27/14,citi_lop,0,Cuestionario TE LOP
7046,Aventel,28000,TE SIN FEE,921,MADRID,0005_022,2003640,5/27/14,citi_lop,0,Cuestionario TE LOP
7047,Aventel,28000,TE SIN FEE,921,MADRID,0005_022,2003641,5/27/14,citi_lop,0,Cuestionario TE LOP
7048,Aventel,28000,TE SIN FEE,921,MADRID,0005_022,2003642,5/27/14,citi_lop,0,Cuestionario TE LOP
7049,Aventel,28000,TE SIN FEE,921,MADRID,0005_022,2003643,5/27/14,citi_lop,0,Cuestionario TE LOP
7050,Aventel,28000,TE SIN FEE,921,MADRID,0005_022,2003644,5/27/14,citi_lop,0,Cuestionario TE LOP
7051,Aventel,28000,TE SIN FEE,921,MADRID,0005_022,2003645,5/27/14,citi_lop,0,Cuestionario TE LOP
7053,Salesland,28000,TE SIN FEE,921,MADRID,0005_022,2003647,5/19/14,citi_lop,0,Cuestionario TE LOP
7054,Salesland,28000,TE SIN FEE,921,MADRID,0005_022,2003648,5/19/14,citi_lop,0,Cuestionario TE LOP
7055,Salesland,28000,TE SIN FEE,921,MADRID,0005_022,2003649,5/19/14,citi_lop,0,Cuestionario TE LOP
7056,Salesland,28000,TE SIN FEE,921,MADRID,0005_022,2003650,5/19/14,citi_lop,0,Cuestionario TE LOP
7057,Salesland,28000,TE SIN FEE,921,MADRID,0005_022,2003651,5/19/14,citi_lop,0,Cuestionario TE LOP
7058,Salesland,28000,TE SIN FEE,921,MADRID,0005_022,2003652,5/19/14,citi_lop,0,Cuestionario TE LOP
7059,Salesland,28000,TE SIN FEE,921,MADRID,0005_022,2003653,5/19/14,citi_lop,0,Cuestionario TE LOP
7060,Salesland,28000,TE SIN FEE,921,MADRID,0005_022,2003654,5/19/14,citi_lop,0,Cuestionario TE LOP
7061,Salesland,28000,TE SIN FEE,921,MADRID,0005_022,2003655,5/19/14,citi_lop,0,Cuestionario TE LOP
7062,Salesland,28000,TE SIN FEE,921,MADRID,0005_022,2003656,5/19/14,citi_lop,0,Cuestionario TE LOP
7063,Salesland,28000,TE SIN FEE,921,MADRID,0005_022,2003657,5/19/14,citi_lop,0,Cuestionario TE LOP
7064,Salesland,28000,TE SIN FEE,921,MADRID,0005_022,2003658,5/19/14,citi_lop,0,Cuestionario TE LOP
7065,Salesland,28000,TE SIN FEE,921,MADRID,0005_022,2003659,5/19/14,citi_lop,0,Cuestionario TE LOP
7066,Salesland,28000,TE SIN FEE,921,MADRID,0005_022,2003660,5/19/14,citi_lop,0,Cuestionario TE LOP
7067,Salesland,28000,TE SIN FEE,921,MADRID,0005_022,2003661,5/19/14,citi_lop,0,Cuestionario TE LOP
7068,Salesland,28000,TE SIN FEE,921,MADRID,0005_022,2003662,5/19/14,citi_lop,0,Cuestionario TE LOP
7069,Salesland,28000,TE SIN FEE,921,MADRID,0005_022,2003663,5/19/14,citi_lop,0,Cuestionario TE LOP
7070,Salesland,28000,TE SIN FEE,921,MADRID,0005_022,2003664,5/19/14,citi_lop,0,Cuestionario TE LOP
7071,Salesland,28000,TE SIN FEE,921,MADRID,0005_022,2003665,5/19/14,citi_lop,0,Cuestionario TE LOP
7072,Salesland,28000,TE SIN FEE,921,MADRID,0005_022,2003666,5/19/14,citi_lop,0,Cuestionario TE LOP
7073,Salesland,28000,TE SIN FEE,921,MADRID,0005_022,2003667,5/19/14,citi_lop,0,Cuestionario TE LOP
7074,Salesland,28000,TE SIN FEE,921,MADRID,0005_022,2003668,5/19/14,citi_lop,0,Cuestionario TE LOP
7076,Salesland,28000,TE SIN FEE,921,MADRID,0005_022,2003670,5/19/14,citi_lop,0,Cuestionario TE LOP
7078,Salesland,28000,TE SIN FEE,921,MADRID,0005_022,2003672,5/19/14,citi_lop,0,Cuestionario TE LOP
7079,Salesland,28000,TE SIN FEE,921,MADRID,0005_022,2003673,5/19/14,citi_lop,0,Cuestionario TE LOP
7080,Salesland,28000,TE SIN FEE,921,MADRID,0005_022,2003674,5/19/14,citi_lop,0,Cuestionario TE LOP
7081,Salesland,28000,TE SIN FEE,921,MADRID,0005_022,2003675,5/19/14,citi_lop,0,Cuestionario TE LOP
7082,Salesland,28000,TE SIN FEE,921,MADRID,0005_022,2003676,5/19/14,citi_lop,0,Cuestionario TE LOP
7083,Salesland,28000,TE SIN FEE,921,MADRID,0005_022,2003677,5/19/14,citi_lop,0,Cuestionario TE LOP
7084,Salesland,28000,TE SIN FEE,921,MADRID,0005_022,2003678,5/19/14,citi_lop,0,Cuestionario TE LOP
7085,Salesland,28000,TE SIN FEE,921,MADRID,0005_022,2003679,5/19/14,citi_lop,0,Cuestionario TE LOP
7086,Salesland,28000,TE SIN FEE,921,MADRID,0005_022,2003680,5/19/14,citi_lop,0,Cuestionario TE LOP
7087,Salesland,28000,TE SIN FEE,921,MADRID,0005_022,2003681,5/26/14,citi_lop,0,Cuestionario TE LOP
7088,Salesland,28000,TE SIN FEE,921,MADRID,0005_022,2003682,5/26/14,citi_lop,0,Cuestionario TE LOP
7090,Salesland,28000,TE SIN FEE,921,MADRID,0005_022,2003684,5/26/14,citi_lop,0,Cuestionario TE LOP
7091,Salesland,28000,TE SIN FEE,921,MADRID,0005_022,2003685,5/26/14,citi_lop,0,Cuestionario TE LOP
7092,Salesland,28000,TE SIN FEE,921,MADRID,0005_022,2003686,5/26/14,citi_lop,0,Cuestionario TE LOP
7093,Salesland,28000,TE SIN FEE,921,MADRID,0005_022,2003687,5/26/14,citi_lop,0,Cuestionario TE LOP
7094,Salesland,28000,TE SIN FEE,921,MADRID,0005_022,2003688,5/26/14,citi_lop,0,Cuestionario TE LOP
7095,Salesland,28000,TE SIN FEE,921,MADRID,0005_022,2003689,5/26/14,citi_lop,0,Cuestionario TE LOP
7096,Salesland,28000,TE SIN FEE,921,MADRID,0005_022,2003690,5/26/14,citi_lop,0,Cuestionario TE LOP
7097,Salesland,28000,TE SIN FEE,921,MADRID,0005_022,2003691,5/26/14,citi_lop,0,Cuestionario TE LOP
7098,Salesland,28000,TE SIN FEE,921,MADRID,0005_022,2003692,5/26/14,citi_lop,0,Cuestionario TE LOP
7099,Salesland,28000,TE SIN FEE,921,MADRID,0005_022,2003693,5/26/14,citi_lop,0,Cuestionario TE LOP
7100,Salesland,28000,TE SIN FEE,921,MADRID,0005_022,2003694,5/26/14,citi_lop,0,Cuestionario TE LOP
7101,Contesta,28000,TE SIN FEE,921,MADRID,0005_022,2003695,5/21/14,citi_lop,0,Cuestionario TE LOP
7102,Contesta,28000,TE SIN FEE,921,MADRID,0005_022,2003696,5/21/14,citi_lop,0,Cuestionario TE LOP
7103,Contesta,28000,TE SIN FEE,921,MADRID,0005_022,2003697,5/21/14,citi_lop,0,Cuestionario TE LOP
7104,Contesta,28000,TE SIN FEE,921,MADRID,0005_022,2003698,5/21/14,citi_lop,0,Cuestionario TE LOP
7105,Contesta,28000,TE SIN FEE,921,MADRID,0005_022,2003699,5/21/14,citi_lop,0,Cuestionario TE LOP
7106,Contesta,28000,TE SIN FEE,921,MADRID,0005_022,2003700,5/21/14,citi_lop,0,Cuestionario TE LOP
7109,Contesta,28000,TE SIN FEE,921,MADRID,0005_022,2003703,5/21/14,citi_lop,0,Cuestionario TE LOP
7110,Contesta,28000,TE SIN FEE,921,MADRID,0005_022,2003704,5/21/14,citi_lop,0,Cuestionario TE LOP
7111,Contesta,28000,TE SIN FEE,921,MADRID,0005_022,2003705,5/21/14,citi_lop,0,Cuestionario TE LOP
7112,Contesta,28000,TE SIN FEE,921,MADRID,0005_022,2003706,5/21/14,citi_lop,0,Cuestionario TE LOP
7113,Contesta,28000,TE SIN FEE,921,MADRID,0005_022,2003707,5/21/14,citi_lop,0,Cuestionario TE LOP
7114,Contesta,28000,TE SIN FEE,921,MADRID,0005_022,2003708,5/21/14,citi_lop,0,Cuestionario TE LOP
7115,Contesta,28000,TE SIN FEE,921,MADRID,0005_022,2003709,5/21/14,citi_lop,0,Cuestionario TE LOP
7116,Contesta,28000,TE SIN FEE,921,MADRID,0005_022,2003710,5/28/14,citi_lop,0,Cuestionario TE LOP
7117,Contesta,28000,TE SIN FEE,921,MADRID,0005_022,2003711,5/28/14,citi_lop,0,Cuestionario TE LOP
7118,Contesta,28000,TE SIN FEE,921,MADRID,0005_022,2003712,5/28/14,citi_lop,0,Cuestionario TE LOP
7119,Contesta,28000,TE SIN FEE,921,MADRID,0005_022,2003713,5/28/14,citi_lop,0,Cuestionario TE LOP
7121,Contesta,28000,TE SIN FEE,921,MADRID,0005_022,2003715,5/28/14,citi_lop,0,Cuestionario TE LOP
7122,Contesta,28000,TE SIN FEE,921,MADRID,0005_022,2003716,5/28/14,citi_lop,0,Cuestionario TE LOP
7125,Contesta,28000,TE SIN FEE,921,MADRID,0005_022,2003719,5/28/14,citi_lop,0,Cuestionario TE LOP
7126,Contesta,28000,TE SIN FEE,921,MADRID,0005_022,2003720,5/28/14,citi_lop,0,Cuestionario TE LOP
7127,Contesta,28000,TE SIN FEE,921,MADRID,0005_022,2003721,5/28/14,citi_lop,0,Cuestionario TE LOP
7128,Contesta,28000,TE SIN FEE,921,MADRID,0005_022,2003722,5/28/14,citi_lop,0,Cuestionario TE LOP
7129,Contesta,28000,TE SIN FEE,921,MADRID,0005_022,2003723,5/28/14,citi_lop,0,Cuestionario TE LOP
7130,Contesta,28000,TE SIN FEE,921,MADRID,0005_022,2003724,5/28/14,citi_lop,0,Cuestionario TE LOP
7150,Aventel,28000,TE SIN FEE,921,MADRID,0005_022,2003744,5/27/14,citi_lop,0,Cuestionario TE LOP
7151,Aventel,28000,TE SIN FEE,921,MADRID,0005_022,2003745,5/27/14,citi_lop,0,Cuestionario TE LOP
7152,Aventel,28000,TE SIN FEE,921,MADRID,0005_022,2003746,5/27/14,citi_lop,0,Cuestionario TE LOP
7153,Aventel,28000,TE SIN FEE,921,MADRID,0005_022,2003747,5/27/14,citi_lop,0,Cuestionario TE LOP
7154,Aventel,28000,TE SIN FEE,921,MADRID,0005_022,2003748,5/27/14,citi_lop,0,Cuestionario TE LOP
7155,Aventel,28000,TE SIN FEE,921,MADRID,0005_022,2003749,5/27/14,citi_lop,0,Cuestionario TE LOP
7156,Aventel,28000,TE SIN FEE,921,MADRID,0005_022,2003750,5/27/14,citi_lop,0,Cuestionario TE LOP
7157,Aventel,28000,TE SIN FEE,921,MADRID,0005_022,2003751,5/27/14,citi_lop,0,Cuestionario TE LOP
7202,Salesland,28000,TE SIN FEE,921,MADRID,0005_022,2003796,5/26/14,citi_lop,0,Cuestionario TE LOP
7203,Salesland,28000,TE SIN FEE,921,MADRID,0005_022,2003797,5/26/14,citi_lop,0,Cuestionario TE LOP
7204,Salesland,28000,TE SIN FEE,921,MADRID,0005_022,2003798,5/26/14,citi_lop,0,Cuestionario TE LOP
7205,Salesland,28000,TE SIN FEE,921,MADRID,0005_022,2003799,5/26/14,citi_lop,0,Cuestionario TE LOP
7206,Salesland,28000,TE SIN FEE,921,MADRID,0005_022,2003800,5/26/14,citi_lop,0,Cuestionario TE LOP
7207,Salesland,28000,TE SIN FEE,921,MADRID,0005_022,2003801,5/26/14,citi_lop,0,Cuestionario TE LOP
7208,Salesland,28000,TE SIN FEE,921,MADRID,0005_022,2003802,5/26/14,citi_lop,0,Cuestionario TE LOP
7209,Salesland,28000,TE SIN FEE,921,MADRID,0005_022,2003803,5/26/14,citi_lop,0,Cuestionario TE LOP
7210,Salesland,28000,TE SIN FEE,921,MADRID,0005_022,2003804,5/26/14,citi_lop,0,Cuestionario TE LOP
7211,Salesland,28000,TE SIN FEE,921,MADRID,0005_022,2003805,5/26/14,citi_lop,0,Cuestionario TE LOP
7212,Salesland,28000,TE SIN FEE,921,MADRID,0005_022,2003806,5/26/14,citi_lop,0,Cuestionario TE LOP
7213,Salesland,28000,TE SIN FEE,921,MADRID,0005_022,2003807,5/26/14,citi_lop,0,Cuestionario TE LOP
7214,Salesland,28000,TE SIN FEE,921,MADRID,0005_022,2003808,5/26/14,citi_lop,0,Cuestionario TE LOP
7215,Salesland,28000,TE SIN FEE,921,MADRID,0005_022,2003809,5/26/14,citi_lop,0,Cuestionario TE LOP
7216,Salesland,28000,TE SIN FEE,921,MADRID,0005_022,2003810,5/26/14,citi_lop,0,Cuestionario TE LOP
7217,Salesland,28000,TE SIN FEE,921,MADRID,0005_022,2003811,5/26/14,citi_lop,0,Cuestionario TE LOP
7218,Salesland,28000,TE SIN FEE,921,MADRID,0005_022,2003812,5/26/14,citi_lop,0,Cuestionario TE LOP
7219,Salesland,28000,TE SIN FEE,921,MADRID,0005_022,2003813,5/26/14,citi_lop,0,Cuestionario TE LOP
7220,Salesland,28000,TE SIN FEE,921,MADRID,0005_022,2003814,5/26/14,citi_lop,0,Cuestionario TE LOP
7221,Salesland,28000,TE SIN FEE,921,MADRID,0005_022,2003815,5/26/14,citi_lop,0,Cuestionario TE LOP
7222,Salesland,28000,TE SIN FEE,921,MADRID,0005_022,2003816,5/26/14,citi_lop,0,Cuestionario TE LOP
3534,ARAUJO BARJA MARIA CELSA,28006,MADRID,921,MADRID,0248_001,2003897,5/19/14,R00028,0.95,Cuestionario Modelo Estandar
161,BENICASSIM,12560,BENICASSIM,921,CASTELLON,0111_001,2003899,5/19/14,2643,0.933,Cuest  Druni 2013
7,MUEBLES LIQUIDA TODO_FERROL,15404,FERROL,921,A CORUÑA,0383_001,2003900,5/22/14,66774,0.89,Check_Muebles Boom
8,MUEBLES LIQUIDA TODO_LUGO,27003,LUGO,921,LUGO,0383_001,2003901,5/28/14,34271,0.8174,Check_Muebles Boom
R-AT2,La Pausa /  R-AT2,28000,Madrid,921,MADRID,0201_001,2003903,5/20/14,R00028,0.01,Areas Compra Programada_Abril_2012
R-AT5,Cervecería / R-AT5,28000,Madrid,921,MADRID,0201_001,2003904,5/20/14,R00028,0.01,Areas Compra Programada_Abril_2012
R-AT4,Natural Break /  R-AT4,28000,Madrid,921,MADRID,0201_001,2003905,5/24/14,83,0.01,Areas Compra Programada_Abril_2012
R-AT1,The Sweet Market /  R-AT1,28000,Madrid,921,MADRID,0201_001,2003906,5/20/14,R00028,0.01,Areas Compra Programada_Abril_2012
E-CA1,Medas /  E-CA1,26500,Calahorra,921,"RIOJA, LA",0201_001,2003908,5/13/14,R00031,0.01,Areas Compra Programada_Abril_2012
1,CORUÑA,15008,CORUÑA,921,A CORUÑA,0513_001,2004108,5/26/14,A02902,0.5827,LLAOLLAO AUDITORIAS (MAY_14)
8013,"SURMOCION, S.A.",28914,LEGANES,921,MADRID,0588_001,2004110,5/30/14,32878,0.8252,Cuestionario Seat Postventa España 2014
27,MUEBLES BOOM - BARCELONA URGELL,8011,BARCELONA,921,BARCELONA,0383_001,2004113,5/26/14,31144,0.978,Check_Muebles Boom
SP09,Sant Felliu,8980,Sant Feliú de Llobregat,921,BARCELONA,0592_001,2004116,6/4/14,31144,0.6363,Cuestionario Mystery Pepe Jeans España_Portugal
8011,"QUANTUM MOTOR, S.L.",28914,LEGANES,921,MADRID,0588_001,2004117,5/29/14,29510,0.6893,Cuestionario Seat Postventa España 2014
SP36,C.C Las Dunas,11540,Sanlúcar de Barrameda,921,CADIZ,0592_001,2004119,6/7/14,32072,0.618,Cuestionario Mystery Pepe Jeans España_Portugal
SP30,Puerto Banús,29600,Marbella,921,MALAGA,0592_001,2004120,5/24/14,33728,0.6986,Cuestionario Mystery Pepe Jeans España_Portugal
SP48,C.C. Miramar,29640,Fuengirola,921,MALAGA,0592_001,2004121,6/6/14,33109,0.8167,Cuestionario Mystery Pepe Jeans España_Portugal
SP01,Sevilla,41309,Sevilla (La Rinconada),921,SEVILLA,0592_001,2004122,6/2/14,31208,0.7052,Cuestionario Mystery Pepe Jeans España_Portugal
SP28,C.C. Plaza Mayor,29004,Málaga,921,MALAGA,0592_001,2004123,6/3/14,31768,0.8492,Cuestionario Mystery Pepe Jeans España_Portugal
SP29,C. C. La Cañada,29600,Marbella,921,MALAGA,0592_001,2004124,6/6/14,32519,0.95,Cuestionario Mystery Pepe Jeans España_Portugal
10286,10286,43700,VENDRELL,921,TARRAGONA,0198_001,2004127,5/21/14,R29994,0.8614,DIA LA SELVA C.P.
2505,2505,43007,S.PEDRO S.PABLO,921,TARRAGONA,0198_001,2004128,5/21/14,R29994,0.7343,DIA LA SELVA C.P.
700,700,43520,ROQUETES,921,TARRAGONA,0198_001,2004129,5/21/14,R29994,0.7657,DIA LA SELVA C.P.
926,926,43870,AMPOSTA,921,TARRAGONA,0198_001,2004130,5/21/14,R29994,0.8443,DIA LA SELVA C.P.
945,945,43580,DELTEBRE,921,TARRAGONA,0198_001,2004131,5/21/14,R29994,0.8186,DIA LA SELVA C.P.
E-MD1,Medas /  E-MD1,43005,Altafulla,921,TARRAGONA,0201_001,2004132,5/21/14,R29994,0.01,Areas Compra Programada_Abril_2012
39,MEDIA MARKT SATURN,8820,El Prat de Llobregat,921,BARCELONA,0310_001,2004133,5/22/14,34062,0.9,Receptel_Cuestionario Llamada
39,MEDIA MARKT SATURN,8820,El Prat de Llobregat,921,BARCELONA,0310_001,2004134,5/29/14,34062,1,Receptel_Cuestionario Llamada
39,MEDIA MARKT SATURN,8820,El Prat de Llobregat,921,BARCELONA,0310_001,2004135,6/3/14,34062,0.95,Receptel_Cuestionario Visita
E-MD2,Mèdol (tienda),43005,Altafulla,921,TARRAGONA,0201_001,2004139,5/21/14,R29994,0.01,Areas Compra Programada_Abril_2012
082a,CORNELLÀ - CC Llobregat Centre 2,8940,Cornella de Llobregat,921,BARCELONA,0457_002,2004141,5/20/14,A29944,0.965,RESUMEN FFQQ PEC - P1 (14.15)
082a,CORNELLÀ - CC Llobregat Centre 2,8940,Cornella de Llobregat,921,BARCELONA,0457_002,2004142,5/20/14,A29944,1,FFQQ PROCESOS 2.0 - P1 (14.15)
082a,CORNELLÀ - CC Llobregat Centre 2,8940,Cornella de Llobregat,921,BARCELONA,0457_002,2004143,5/20/14,A29944,1,FFQQ IMAGEN 2.0 P1 (14.15)
11,GREY S.A.,28050,Madrid,921,MADRID,0310_001,2004146,6/6/14,32480,0.8889,Receptel_Cuestionario Llamada
11,GREY S.A.,28050,Madrid,921,MADRID,0310_001,2004148,6/5/14,32480,1,Receptel_Cuestionario Visita
12,ALPHABET ING CAR LEASE,28232,Las Rozas,921,MADRID,0310_001,2004149,6/2/14,34129,0.9,Receptel_Cuestionario Llamada
12,ALPHABET ING CAR LEASE,28232,Las Rozas,921,MADRID,0310_001,2004150,5/27/14,34129,1,Receptel_Cuestionario Llamada
12,ALPHABET ING CAR LEASE,28232,Las Rozas,921,MADRID,0310_001,2004151,5/30/14,34129,1,Receptel_Cuestionario Visita
15,VOLVO,28046,Madrid,921,MADRID,0310_001,2004152,6/6/14,31157,1,Receptel_Cuestionario Llamada
15,VOLVO,28046,Madrid,921,MADRID,0310_001,2004153,6/6/14,31157,1,Receptel_Cuestionario Llamada
15,VOLVO,28046,Madrid,921,MADRID,0310_001,2004154,6/5/14,31157,1,Receptel_Cuestionario Visita
34,AXN/SONY,28223,Pozuelo de Alarcón,921,MADRID,0310_001,2004155,5/21/14,31459,0.7778,Receptel_Cuestionario Llamada
34,AXN/SONY,28223,Pozuelo de Alarcón,921,MADRID,0310_001,2004156,5/20/14,31459,1,Receptel_Cuestionario Llamada
34,AXN/SONY,28223,Pozuelo de Alarcón,921,MADRID,0310_001,2004157,5/26/14,31459,1,Receptel_Cuestionario Visita
4,"Galp Distribución Oil España, S.A.U. (AGIP S.A.)",28108,Alcobendas,921,MADRID,0310_001,2004159,6/12/14,29436,1,Receptel_Cuestionario Llamada
40,SGS TECNOS,28042,Madrid,921,MADRID,0310_001,2004161,5/27/14,33571,1,Receptel_Cuestionario Llamada
40,SGS TECNOS,28042,Madrid,921,MADRID,0310_001,2004162,5/29/14,33571,0.6667,Receptel_Cuestionario Llamada
40,SGS TECNOS,28042,Madrid,921,MADRID,0310_001,2004163,6/11/14,33571,0.9231,Receptel_Cuestionario Visita
47,S.A.INDUSTRIAS CELULOSA ARAGONESA,50015,Zaragoza,921,ZARAGOZA,0310_001,2004164,5/30/14,34180,0.8889,Receptel_Cuestionario Llamada
47,S.A.INDUSTRIAS CELULOSA ARAGONESA,50015,Zaragoza,921,ZARAGOZA,0310_001,2004165,5/26/14,34180,0.8889,Receptel_Cuestionario Llamada
47,S.A.INDUSTRIAS CELULOSA ARAGONESA,50015,Zaragoza,921,ZARAGOZA,0310_001,2004166,5/27/14,34180,1,Receptel_Cuestionario Visita
49,EUROPEAN AIR TRANSPORT - DHL,28042,Madrid,921,MADRID,0310_001,2004167,6/12/14,2301,1,Receptel_Cuestionario Llamada
49,EUROPEAN AIR TRANSPORT - DHL,28042,Madrid,921,MADRID,0310_001,2004168,6/4/14,2301,0.875,Receptel_Cuestionario Llamada
5,"ARCANO ASESORES FINANCIEROS, S.L. (ARCANO)",28006,Madrid,921,MADRID,0310_001,2004170,6/5/14,33289,1,Receptel_Cuestionario Llamada
5,"ARCANO ASESORES FINANCIEROS, S.L. (ARCANO)",28006,Madrid,921,MADRID,0310_001,2004171,5/30/14,33289,1,Receptel_Cuestionario Llamada
5,"ARCANO ASESORES FINANCIEROS, S.L. (ARCANO)",28006,Madrid,921,MADRID,0310_001,2004172,6/5/14,33289,1,Receptel_Cuestionario Visita
51,THOMSON REUTERS (MADRID),28004,Madrid,921,MADRID,0310_001,2004173,5/23/14,33422,1,Receptel_Cuestionario Llamada
51,THOMSON REUTERS (MADRID),28004,Madrid,921,MADRID,0310_001,2004174,5/29/14,33422,1,Receptel_Cuestionario Llamada
51,THOMSON REUTERS (MADRID),28004,Madrid,921,MADRID,0310_001,2004175,5/30/14,33422,1,Receptel_Cuestionario Visita
7,"Bausch & Lomb,S.A.",28100,Alcobendas,921,MADRID,0310_001,2004176,6/11/14,2498,1,Receptel_Cuestionario Llamada
7,"Bausch & Lomb,S.A.",28100,Alcobendas,921,MADRID,0310_001,2004177,6/6/14,2498,1,Receptel_Cuestionario Llamada
7,"Bausch & Lomb,S.A.",28100,Alcobendas,921,MADRID,0310_001,2004178,6/11/14,2498,1,Receptel_Cuestionario Visita
1,SUMA MATADEPERA,8230,MATADEPERA,921,BARCELONA,427_007,2004180,5/22/14,R29502,0.8512,Cuestionario SUMA Proximidad 2014
776,776,8840,VILADECANS,921,BARCELONA,0198_001,2004181,5/22/14,R29502,0.93,DIA LA SELVA C.P.
936,936,8292,ESPARRAGUERA,921,BARCELONA,0198_001,2004182,5/22/14,R29502,0.94,DIA LA SELVA C.P.
3134,"ANCRI, S.A.",28044,MADRID,921,MADRID,0588_001,2004183,6/4/14,29510,0.8485,Cuestionario Seat Postventa España 2014
1,L' HOSPITALET,8901,L'Hospitalet de Llobregat,921,BARCELONA,0399_01,2004200,6/2/14,34068,0.6743,Cuestionario Oro Verdadero
106,CC GRAN VIA,8908,Hospitalet de Llobregat,921,BARCELONA,0399_01,2004201,5/21/14,31082,0.8088,Cuestionario Oro Verdadero
13,GIRONA,17002,Girona,921,GIRONA,0399_01,2004202,5/31/14,29175,0.8353,Cuestionario Oro Verdadero
17,MANRESA,8242,Manresa,921,BARCELONA,0399_01,2004203,5/29/14,R00050,0.7412,Cuestionario Oro Verdadero
2,BADALONA,8918,Badalona,921,BARCELONA,0399_01,2004204,6/3/14,34068,0.9428,Cuestionario Oro Verdadero
27,CORNELLÀ,8940,Cornellá,921,BARCELONA,0399_01,2004205,6/2/14,33444,0.95,Cuestionario Oro Verdadero
34,SALT,17190,Salt,921,GIRONA,0399_01,2004206,5/29/14,34008,0.8353,Cuestionario Oro Verdadero
9,TARRAGONA,43005,Tarragona,921,TARRAGONA,0399_01,2004208,6/4/14,32753,0.7247,Cuestionario Oro Verdadero
1007,ROLVAS 5 CIUDAD REAL S.L,45600,TALAVERA DE LA REINA,921,TOLEDO,0457_003,2004221,5/20/14,R01127,0.6333,MYSTERY SHOPPER ESPECIALISTA P1 (MAY_14)
314,ALARCON - TORRIJOS,45500,TORRIJOS,921,TOLEDO,0457_002,2004223,5/20/14,R01127,0.5833,MYSTERY SHOPPER FFQQ P1 (MAY_14)
28,GIRALDA,41003,Sevilla,921,SEVILLA,0458_001,2004229,5/31/14,2454,0.926,Cuestionario MGuest_Estandar_urbano_2014 v1
7,GOYA,28001,Madrid,921,MADRID,0458_001,2004232,5/27/14,34134,0.888,Cuestionario MGuest_Estandar_urbano_2014 v1
6,PUERTA DEL SOL,28012,Madrid,921,MADRID,0458_001,2004235,6/3/14,33422,0.929,Cuestionario MGuest_Estandar_urbano_2014 v1
10,PLAZA MAYOR MADRID,28012,Madrid,921,MADRID,0458_001,2004238,6/8/14,31595,0.92,Cuestionario MGuest_Estandar_urbano_2014 v1
2,MIKADO,8017,Barcelona,921,BARCELONA,0458_001,2004241,5/27/14,33943,0.957,Cuestionario MGuest_Estandar_urbano_2014 v1
16,BARCELONA PLAZA,8014,Barcelona,921,BARCELONA,0458_001,2004250,5/28/14,34010,0.845,Cuestionario MGuest_Estandar_urbano_2014 v1
34,MIRADOR DES PORT,7701,Menorca,921,BALEARES,0458_001,2004256,5/31/14,127,0.909,Cuestionario MGuest_Estandar_urbano_2014 v1
36,PARK GUELL,8023,Barcelona,921,BARCELONA,0458_001,2004259,5/28/14,32942,0.954,Cuestionario MGuest_Estandar_urbano_2014 v1
38,PLAZA CATALUNYA,8002,Barcelona,921,BARCELONA,0458_001,2004262,5/26/14,34062,0.93,Cuestionario MGuest_Estandar_urbano_2014 v1
43,RAMBLAS,8001,Barcelona,921,BARCELONA,0458_001,2004265,5/26/14,31366,0.916,Cuestionario MGuest_Estandar_urbano_2014 v1
45,ROMA,8029,Barcelona,921,BARCELONA,0458_001,2004268,6/6/14,34292,0.856,Cuestionario MGuest_Estandar_urbano_2014 v1
326,"VODAREX COMUNICACIONES, S.L.L.",6004,BADAJOZ,921,BADAJOZ,0457_002,2004271,5/19/14,a02401,1,RESUMEN FFQQ PEC - P1 (14.15)
326,"VODAREX COMUNICACIONES, S.L.L.",6004,BADAJOZ,921,BADAJOZ,0457_002,2004272,5/19/14,a02401,1,FFQQ PROCESOS 2.0 - P1 (14.15)
326,"VODAREX COMUNICACIONES, S.L.L.",6004,BADAJOZ,921,BADAJOZ,0457_002,2004273,5/19/14,a02401,1,FFQQ IMAGEN 2.0 P1 (14.15)
0303a,"BEYOND RETAIL, S.L.",6300,ZAFRA,921,BADAJOZ,0457_003,2004274,5/20/14,a02408,0.9792,RESUMEN ESPECIALISTAS PEC - P1 (14.15)
0303a,"BEYOND RETAIL, S.L.",6300,ZAFRA,921,BADAJOZ,0457_003,2004275,5/20/14,a02408,1,ESPECIALISTAS NUEVA IMAGEN - P1 (14.15)
0303a,"BEYOND RETAIL, S.L.",6300,ZAFRA,921,BADAJOZ,0457_003,2004276,5/20/14,a02408,1,ESPECIALISTAS PROCESOS - P1 (14.15)
496,"VODAREX COMUNICACIONES, S.L.L.",6900,LLERENA,921,BADAJOZ,0457_003,2004277,5/20/14,a02408,0.9492,RESUMEN ESPECIALISTAS PEC - P1 (14.15)
496,"VODAREX COMUNICACIONES, S.L.L.",6900,LLERENA,921,BADAJOZ,0457_003,2004278,5/20/14,a02408,1,ESPECIALISTAS NUEVA IMAGEN - P1 (14.15)
496,"VODAREX COMUNICACIONES, S.L.L.",6900,LLERENA,921,BADAJOZ,0457_003,2004279,5/20/14,a02408,1,ESPECIALISTAS PROCESOS - P1 (14.15)
61,"GSM BAHIA, S.L.U.",41950,CASTILLEJA DE LA CUESTA,921,SEVILLA,0457_003,2004280,5/20/14,a02408,0.9583,RESUMEN ESPECIALISTAS PEC - P1 (14.15)
61,"GSM BAHIA, S.L.U.",41950,CASTILLEJA DE LA CUESTA,921,SEVILLA,0457_003,2004281,5/20/14,a02408,1,ESPECIALISTAS NUEVA IMAGEN - P1 (14.15)
61,"GSM BAHIA, S.L.U.",41950,CASTILLEJA DE LA CUESTA,921,SEVILLA,0457_003,2004282,5/20/14,a02408,1,ESPECIALISTAS PROCESOS - P1 (14.15)
718,"SERVITEL XXI, S.L",41940,TOMARES,921,SEVILLA,0457_003,2004283,5/20/14,a02408,1,RESUMEN ESPECIALISTAS PEC - P1 (14.15)
718,"SERVITEL XXI, S.L",41940,TOMARES,921,SEVILLA,0457_003,2004284,5/20/14,a02408,1,ESPECIALISTAS NUEVA IMAGEN - P1 (14.15)
718,"SERVITEL XXI, S.L",41940,TOMARES,921,SEVILLA,0457_003,2004285,5/20/14,a02408,1,ESPECIALISTAS PROCESOS - P1 (14.15)
328,"XETAR SISTEMAS, S.L",13670,VILLARUBIA DE LOS OJOS,921,CIUDAD REAL,0457_003,2004299,5/20/14,R02048,1,MYSTERY SHOPPER ESPECIALISTA P1 (MAY_14)
0766a,ROLVAS 5 CIUDAD REAL S.L,13260,BOLAÑOS DE CALATRAVA,921,CIUDAD REAL,0457_003,2004300,5/20/14,R02048,0.9667,MYSTERY SHOPPER ESPECIALISTA P1 (MAY_14)
47,PUERTOLLANO - San Gregorio,13500,Puertollano,921,CIUDAD REAL,0457_002,2004302,5/21/14,R02048,0.9167,MYSTERY SHOPPER FFQQ P1 (MAY_14)
48,CIUDAD REAL - Toledo,13001,Ciudad Real,921,CIUDAD REAL,0457_002,2004303,5/20/14,R02048,0.7833,MYSTERY SHOPPER FFQQ P1 (MAY_14)
303,ROLVAS 5 CIUDAD REAL,13001,Ciudad Real,921,CIUDAD REAL,0457_002,2004304,5/20/14,R02048,0.6,MYSTERY SHOPPER FFQQ PDV 2.0 P1 (MAY_14)
97,"PUNZON BIEZMA, S.L",45710,MADRIDEJOS,921,TOLEDO,0457_003,2004314,5/21/14,R02048,0.9667,MYSTERY SHOPPER ESPECIALISTA P1 (MAY_14)
2341,DSM Málaga,29004,Málaga,921,MALAGA,0143_018,2004318,5/20/14,r00066,1,General Concesiones
2340,GM Málaga,29004,Málaga,921,MALAGA,0143_024,2004319,5/20/14,r00066,0.9692,General Concesiones
0461b,TDC 2000 COMUNCAC GLOBALES SRL,25230,MOLLERUSA,921,LLEIDA,0457_003,2004320,5/23/14,32942,0.95,MYSTERY SHOPPER ESPECIALISTA P1 (MAY_14)
2342,Four Málaga,29004,Málaga,921,MALAGA,0143_025,2004321,5/20/14,r00066,1,General Concesiones
0316a,"LUALBO, S.L",52001,MELILLA,921,MELILLA,0457_003,2004322,5/20/14,a00066,0.9208,RESUMEN ESPECIALISTAS PEC - P1 (14.15)
0316a,"LUALBO, S.L",52001,MELILLA,921,MELILLA,0457_003,2004323,5/20/14,a00066,0.8911,ESPECIALISTAS NUEVA IMAGEN - P1 (14.15)
0316a,"LUALBO, S.L",52001,MELILLA,921,MELILLA,0457_003,2004324,5/20/14,a00066,1,ESPECIALISTAS PROCESOS APPTUALIZADOR - P1 (14.15)
0560a,"LUALBO, S.L",52001,MELILLA,921,MELILLA,0457_003,2004325,5/20/14,a00066,0.7825,RESUMEN ESPECIALISTAS PEC - P1 (14.15)
0560a,"LUALBO, S.L",52001,MELILLA,921,MELILLA,0457_003,2004326,5/20/14,a00066,0.8563,ESPECIALISTAS NUEVA IMAGEN - P1 (14.15)
0560a,"LUALBO, S.L",52001,MELILLA,921,MELILLA,0457_003,2004327,5/20/14,a00066,0.75,ESPECIALISTAS PROCESOS - P1 (14.15)
013a,TALAVERA - Juan Carlos I,45600,Talavera de la Reina,921,TOLEDO,0457_002,2004329,5/22/14,34185,0.95,MYSTERY SHOPPER FFQQ P1 (MAY_14)
S077,FH LOS CANTONES VILLAGE,15006,LA CORUÑA,921,A CORUÑA,0010_007,2004333,5/23/14,10,1,Cuestionario Foster's Home Delivery (0114)
45,Madrid Fuencarral,28004,MADRID,921,MADRID,0457_001,2004336,5/19/14,R00013,0.675,MYSTERY SHOPPER TTPP PDV 2.0 P1 (MAY_14)
665,665,8906,HOSPITALET DE LLOBREGAT,921,BARCELONA,0197_002,2004340,5/22/14,R29502,0.85,DIA SABADELL COMPRA PROGRAMADA
824,824,8830,SANT BOI DE LLOBREGAT,921,BARCELONA,0197_002,2004341,5/22/14,R29502,0.85,DIA SABADELL COMPRA PROGRAMADA
FH05377,FH VECINDARIO,35110,SANTA LUCÍA DE TIRAJANA (VECINDARIO),921,"PALMAS, LAS",0010_007,2004342,5/23/14,32215,1,Cuestionario Foster's Home Delivery (0114)
A026,FH GÉNOVA,28004,MADRID,921,MADRID,0010_007,2004343,5/23/14,30502,0.975,Cuestionario Foster's Home Delivery (0114)
S059,FH SAN VICENT DE R.,3690,ALICANTE,921,ALICANTE,0010_001,2004346,5/24/14,33196,0.76,Cuestionario Foster's Hollywood (May_14)
S045,FH FESTIVAL PARC,7141,PALMA MALLORCA,921,BALEARES,0010_001,2004353,5/25/14,901_02707,0.93,Cuestionario Foster's Hollywood (May_14)
182,E Llodio,1400,Llodio,921,ALAVA,475_02,2004354,5/20/14,r00333,0.8838,EROSKI HIPERMERCADOS
99,IRÚN,20301,Irún,921,GUIPUZCOA,0399_01,2004359,6/4/14,R32801,0.7853,Cuestionario Oro Verdadero
96,SANTANDER 2,39001,Santander,921,CANTABRIA,0399_01,2004360,6/4/14,34105,0.8188,Cuestionario Oro Verdadero
175,E Iruña,31013,Pamplona,921,NAVARRA,475_02,2004361,5/20/14,R00141,0.8772,EROSKI HIPERMERCADOS
88,E Leioa,48940,Leioa,921,VIZCAYA,475_02,2004362,5/21/14,R01140,0.8646,EROSKI HIPERMERCADOS
7449,Eroski Sa Coma,7530,Sant Llorenç des Cardassar,921,BALEARES,475_02,2004363,5/21/14,30195,0.9138,EROSKI HIPERMERCADOS
8251,8251,17010,PALMA,921,BALEARES,0197_002,2004364,5/21/14,1003,0.7949,DIA SABADELL COMPRA PROGRAMADA
8252,8252,17300,INCA,921,BALEARES,0197_002,2004365,5/23/14,1003,0.682,DIA SABADELL COMPRA PROGRAMADA
8256,8256,7007,Palma de Mallorca,921,BALEARES,0197_002,2004366,5/23/14,1003,0.7615,DIA SABADELL COMPRA PROGRAMADA
0122a,"AUSARTA MEDIA, S.L.",39600,Maliaño,921,CANTABRIA,0457_003,2004367,5/21/14,A32801,0.97,RESUMEN ESPECIALISTAS PEC - P1 (14.15)
0122a,"AUSARTA MEDIA, S.L.",39600,Maliaño,921,CANTABRIA,0457_003,2004368,5/21/14,A32801,1,ESPECIALISTAS NUEVA IMAGEN - P1 (14.15)
0122a,"AUSARTA MEDIA, S.L.",39600,Maliaño,921,CANTABRIA,0457_003,2004369,5/21/14,A32801,1,ESPECIALISTAS PROCESOS - P1 (14.15)
236,"BAZAR CANARIAS DIGITAL, S.L",39500,CABEZÓN DE LA SAL,921,CANTABRIA,0457_003,2004370,5/20/14,A32801,0.9492,RESUMEN ESPECIALISTAS PEC - P1 (14.15)
236,"BAZAR CANARIAS DIGITAL, S.L",39500,CABEZÓN DE LA SAL,921,CANTABRIA,0457_003,2004371,5/20/14,A32801,1,ESPECIALISTAS NUEVA IMAGEN - P1 (14.15)
236,"BAZAR CANARIAS DIGITAL, S.L",39500,CABEZÓN DE LA SAL,921,CANTABRIA,0457_003,2004372,5/20/14,A32801,1,ESPECIALISTAS PROCESOS - P1 (14.15)
350,VIRUM TELECOMUNICACIONES S.L.,39770,LAREDO,921,CANTABRIA,0457_003,2004373,5/21/14,A32801,0.9575,RESUMEN ESPECIALISTAS PEC - P1 (14.15)
350,VIRUM TELECOMUNICACIONES S.L.,39770,LAREDO,921,CANTABRIA,0457_003,2004374,5/21/14,A32801,1,ESPECIALISTAS NUEVA IMAGEN - P1 (14.15)
350,VIRUM TELECOMUNICACIONES S.L.,39770,LAREDO,921,CANTABRIA,0457_003,2004375,5/21/14,A32801,1,ESPECIALISTAS PROCESOS - P1 (14.15)
854,CRS CHANNEL SERVICIOS TELEF SL,39200,REINOSA,921,CANTABRIA,0457_003,2004376,5/20/14,A32801,0.9875,RESUMEN ESPECIALISTAS PEC - P1 (14.15)
854,CRS CHANNEL SERVICIOS TELEF SL,39200,REINOSA,921,CANTABRIA,0457_003,2004377,5/20/14,A32801,1,ESPECIALISTAS NUEVA IMAGEN - P1 (14.15)
854,CRS CHANNEL SERVICIOS TELEF SL,39200,REINOSA,921,CANTABRIA,0457_003,2004378,5/20/14,A32801,1,ESPECIALISTAS PROCESOS - P1 (14.15)
154,STAND -  CARREFOUR EL ALISAL,39000,SANTANDER,921,CANTABRIA,0457_004,2004379,5/20/14,A32801,1,RESUMEN CONSUMO PEC P1 (14.15)
154,STAND -  CARREFOUR EL ALISAL,39000,SANTANDER,921,CANTABRIA,0457_004,2004380,5/20/14,A32801,1,CONSUMO IMAGEN CARREFOUR - P1 (14.15)
154,STAND -  CARREFOUR EL ALISAL,39000,SANTANDER,921,CANTABRIA,0457_004,2004381,5/20/14,A32801,1,CONSUMO PROCESOS - P1 (14.15)
5005,E Huesca,22006,Huesca,921,HUESCA,475_02,2004382,5/21/14,R30636,0.9192,EROSKI HIPERMERCADOS
2,MUEBLES BOOM_LEON,24010,LEON,921,LEON,0383_001,2004384,5/24/14,34240,0.923,Check_Muebles Boom
24,MUEBLES BOOM VITORIA,1196,VITORIA,921,ALAVA,0383_001,2004385,5/22/14,66717,0.8268,Check_Muebles Boom
9,MUEBLES LIQUIDA TODO_LEON,24191,TROBAJO DEL CAMINO,921,LEON,0383_001,2004386,5/24/14,34240,0.978,Check_Muebles Boom
40,GIJÓN 2,33208,Gijón,921,ASTURIAS,0399_01,2004387,5/30/14,r02743,0.8588,Cuestionario Oro Verdadero
42,GIJÓN,33212,Gijón,921,ASTURIAS,0399_01,2004388,6/6/14,r02747,0.9833,Cuestionario Oro Verdadero
S045,FH FESTIVAL PARC,7141,PALMA MALLORCA,921,BALEARES,0010_001,2004389,5/25/14,30195,0.809,Cuestionario Foster's Hollywood (May_14)
17,AGENCIA EUROPEA PARA SEGURIDAD Y SALUD EN EL TRABAJO,48009,Bilbao,921,VIZCAYA,0310_001,2004390,6/4/14,32384,1,Receptel_Cuestionario Llamada
17,AGENCIA EUROPEA PARA SEGURIDAD Y SALUD EN EL TRABAJO,48009,Bilbao,921,VIZCAYA,0310_001,2004391,5/21/14,32384,1,Receptel_Cuestionario Llamada
17,AGENCIA EUROPEA PARA SEGURIDAD Y SALUD EN EL TRABAJO,48009,Bilbao,921,VIZCAYA,0310_001,2004392,5/22/14,32384,1,Receptel_Cuestionario Visita
3534,ARAUJO BARJA MARIA CELSA,28006,MADRID,921,MADRID,0248_001,2004394,5/20/14,R00096,0.9533,Cuestionario Modelo Estandar
A-BA21,Lavazza /  A-BA21,28000,Madrid,921,MADRID,0201_001,2004397,5/20/14,R31755,0.01,Areas Compra Programada_Abril_2012
A-BA71,ADIDAS – T3 Planta 1 Salidas Zona Embarque E,28000,Madrid,921,MADRID,0201_001,2004398,5/20/14,R00096,0.01,Areas Compra Programada_Abril_2012
A-BA96,Urban Grill,28000,Barjas,921,MADRID,0201_001,2004400,5/20/14,R31755,0.01,Areas Compra Programada_Abril_2012
A-BA97,Santa Gloria,28000,Barajas,921,MADRID,0201_001,2004401,5/26/14,R00013,0.005,Areas Compra Programada_Abril_2012
605,LEONESA DE COMUNICACIONES INTEGRALES S.A.,24100,VILLABLINO,921,LEON,0457_003,2004403,5/20/14,a02741,0.8858,RESUMEN ESPECIALISTAS PEC - P1 (14.15)
605,LEONESA DE COMUNICACIONES INTEGRALES S.A.,24100,VILLABLINO,921,LEON,0457_003,2004404,5/20/14,a02741,0.9363,ESPECIALISTAS NUEVA IMAGEN - P1 (14.15)
605,LEONESA DE COMUNICACIONES INTEGRALES S.A.,24100,VILLABLINO,921,LEON,0457_003,2004405,5/20/14,a02741,1,ESPECIALISTAS PROCESOS - P1 (14.15)
SP12,Plaza Mar II,3016,Alicante,921,ALICANTE,0592_001,2004409,5/26/14,33033,0.8639,Cuestionario Mystery Pepe Jeans España_Portugal
SP22,C.C Aljub,3205,Elche,921,ALICANTE,0592_001,2004410,5/30/14,34081,0.8276,Cuestionario Mystery Pepe Jeans España_Portugal
70,MURCIA,30008,Murcia,921,MURCIA,0399_01,2004412,6/5/14,2785,0.8794,Cuestionario Oro Verdadero
70,MURCIA,30008,Murcia,921,MURCIA,0399_01,2004413,5/26/14,34284,1,Cuestionario Oro Verdadero
70,MURCIA,30008,Murcia,921,MURCIA,0399_01,2004414,6/4/14,33528,1,Cuestionario Oro Verdadero
SP07,La Noria,30830,La Ñora,921,MURCIA,0592_001,2004415,5/22/14,33479,0.9375,Cuestionario Mystery Pepe Jeans España_Portugal
SP31,Murcia,30001,Murcia,921,MURCIA,0592_001,2004416,6/3/14,33528,0.9428,Cuestionario Mystery Pepe Jeans España_Portugal
563,GA.VILLABLINO,44100,Villablino,921,LEON,0045_001,2004417,5/20/14,r02742,0.949,Cuestionario Gadis nuevas ponderaciones
7,NUEVA CONDOMINA,30110,CHURRA,921,MURCIA,0451_001,2004426,5/24/14,33481,0.63,Cuestionario Brasayleña Franquiciados (0514)
326,"VODAREX COMUNICACIONES, S.L.L.",6004,BADAJOZ,921,BADAJOZ,0457_002,2004427,5/26/14,31848,1,MYSTERY SHOPPER FFQQ PDV 2.0 P1 (MAY_14)
1623,"INFORFONPC, S.L",21001,Huelva,921,HUELVA,0457_003,2004430,5/23/14,34013,0.95,MYSTERY SHOPPER ESPECIALISTA P1 (MAY_14)
3340,SERRAUTO,3203,ELCHE,921,ALICANTE,0524_004,2004431,5/30/14,33625,0.8822,Cuestionario Seat Ibiza 2º Trim 2014
122505V,MOTOR DOS 2004,22500,BINEFAR,921,HUESCA,0346_003,2004434,5/28/14,34180,0.9518,Servicios oficiales Peugeot
026237Y,"COSALVI, S.A.",22300,BARBASTRO,921,HUESCA,0346_004,2004435,5/29/14,34180,0.8375,Servicios oficiales Citroen
419,Colmenar Viejo -  El Ventanal de la Sierra,28770,COLMENAR VIEJO MADRID,921,MADRID,0308_001,2004436,5/23/14,2301,0.2627,Cuestionario FotoPrix_Portrait info
9,STAND -  ALCAMPO SEVILLA,41000,SEVILLA,921,SEVILLA,0457_004,2004437,5/21/14,a02408,0.9878,RESUMEN CONSUMO PEC P1 (14.15)
9,STAND -  ALCAMPO SEVILLA,41000,SEVILLA,921,SEVILLA,0457_004,2004438,5/21/14,a02408,1,CONSUMO IMAGEN GRANDES SUPERFICIES - P1 (14.15)
9,STAND -  ALCAMPO SEVILLA,41000,SEVILLA,921,SEVILLA,0457_004,2004439,5/21/14,a02408,1,CONSUMO PROCESOS - P1 (14.15)
1463,VISASUR TELECOMUNICACIONES S.L,41005,SEVILLA,921,SEVILLA,0457_003,2004440,5/21/14,a02408,0.9667,RESUMEN ESPECIALISTAS PEC - P1 (14.15)
1463,VISASUR TELECOMUNICACIONES S.L,41005,SEVILLA,921,SEVILLA,0457_003,2004441,5/21/14,a02408,1,ESPECIALISTAS NUEVA IMAGEN - P1 (14.15)
1463,VISASUR TELECOMUNICACIONES S.L,41005,SEVILLA,921,SEVILLA,0457_003,2004442,5/21/14,a02408,1,ESPECIALISTAS PROCESOS - P1 (14.15)
144,INGENIERIA Y TELEC. JAEN SLU,23740,ANDUJAR,921,JAEN,0457_003,2004443,5/21/14,a02401,0.9583,RESUMEN ESPECIALISTAS PEC - P1 (14.15)
144,INGENIERIA Y TELEC. JAEN SLU,23740,ANDUJAR,921,JAEN,0457_003,2004444,5/21/14,a02401,0.7127,ESPECIALISTAS NUEVA IMAGEN - P1 (14.15)
144,INGENIERIA Y TELEC. JAEN SLU,23740,ANDUJAR,921,JAEN,0457_003,2004445,5/21/14,a02401,1,ESPECIALISTAS PROCESOS - P1 (14.15)
76,STAND -  CARREFOUR ANDUJAR,23000,ANDUJAR,921,JAEN,0457_004,2004446,5/21/14,a02401,0.9711,RESUMEN CONSUMO PEC P1 (14.15)
76,STAND -  CARREFOUR ANDUJAR,23000,ANDUJAR,921,JAEN,0457_004,2004447,5/21/14,a02401,1,CONSUMO IMAGEN CARREFOUR - P1 (14.15)
76,STAND -  CARREFOUR ANDUJAR,23000,ANDUJAR,921,JAEN,0457_004,2004448,5/21/14,a02401,1,CONSUMO PROCESOS - P1 (14.15)
378,"SERVITEL XXI, S.L",41006,SEVILLA,921,SEVILLA,0457_003,2004449,5/21/14,a02401,0.9833,RESUMEN ESPECIALISTAS PEC - P1 (14.15)
378,"SERVITEL XXI, S.L",41006,SEVILLA,921,SEVILLA,0457_003,2004450,5/21/14,a02401,1,ESPECIALISTAS NUEVA IMAGEN - P1 (14.15)
378,"SERVITEL XXI, S.L",41006,SEVILLA,921,SEVILLA,0457_003,2004451,5/21/14,a02401,1,ESPECIALISTAS PROCESOS - P1 (14.15)
A-G4,Medas /  A-G4,17185,Girona,921,GIRONA,0201_001,2004452,5/20/14,R29530,0.01,Areas Compra Programada_Abril_2012
1521,"SERVITEL XXI, S.L",41013,Sevilla,921,SEVILLA,0457_003,2004453,5/21/14,a02401,0.6667,RESUMEN ESPECIALISTAS PEC - P1 (14.15)
1521,"SERVITEL XXI, S.L",41013,Sevilla,921,SEVILLA,0457_003,2004454,5/21/14,a02401,0.45,ESPECIALISTAS PROCESOS - P1 (14.15)
1521,"SERVITEL XXI, S.L",41013,Sevilla,921,SEVILLA,0457_003,2004455,5/21/14,a02401,1,ESPECIALISTAS NUEVA IMAGEN - P1 (14.15)
0629a,"VENTIS TELECOM, S.L.",18690,ALMUÑECAR,921,GRANADA,0457_003,2004457,5/21/14,a00066,0.9117,RESUMEN ESPECIALISTAS PEC - P1 (14.15)
0629a,"VENTIS TELECOM, S.L.",18690,ALMUÑECAR,921,GRANADA,0457_003,2004458,5/21/14,a00066,1,ESPECIALISTAS NUEVA IMAGEN - P1 (14.15)
0629a,"VENTIS TELECOM, S.L.",18690,ALMUÑECAR,921,GRANADA,0457_003,2004459,5/21/14,a00066,1,ESPECIALISTAS PROCESOS - P1 (14.15)
0130a,"GRUPO ELECTROAUDIO, S.L.",51001,CEUTA,921,CEUTA,0457_003,2004460,5/21/14,a02422,0.7608,RESUMEN ESPECIALISTAS PEC - P1 (14.15)
0130a,"GRUPO ELECTROAUDIO, S.L.",51001,CEUTA,921,CEUTA,0457_003,2004461,5/21/14,a02422,0.9111,ESPECIALISTAS NUEVA IMAGEN - P1 (14.15)
0130a,"GRUPO ELECTROAUDIO, S.L.",51001,CEUTA,921,CEUTA,0457_003,2004462,5/21/14,a02422,0.95,ESPECIALISTAS PROCESOS - P1 (14.15)
80071,GARAJE AFRICA,51001,CEUTA,921,CEUTA,0524_004,2004463,5/21/14,r02422,0.4574,Cuestionario Seat Toledo 2º Trim 2014
246,"AUSARTA MEDIA, S.L.",9007,BURGOS,921,BURGOS,0457_003,2004467,5/21/14,R31755,0.9,MYSTERY SHOPPER ESPECIALISTA P1 (MAY_14)
0634a,"AUSARTA MEDIA, S.L.",9002,BURGOS,921,BURGOS,0457_003,2004470,5/21/14,R00031,0.85,MYSTERY SHOPPER ESPECIALISTA P1 (MAY_14)
270,Burgos,9004,BURGOS,921,BURGOS,0457_002,2004471,5/21/14,R31755,0.38,MYSTERY SHOPPER SERVICIO PDV 2.0 FFQQ P1 (MAY 14)
891,"AUSARTA MEDIA, S.L.",9400,ARANDA DE DUERO,921,BURGOS,0457_003,2004472,5/22/14,R00031,0.85,MYSTERY SHOPPER ESPECIALISTA P1 (MAY_14)
I001279,FH CAMPO LAS NACIONES,28042,MADRID,921,MADRID,0010_013,2004476,5/22/14,2498,0.773,Foster's Hollywood 2.0 (May_14)
S007,FH DIVERSIA,28100,ALCOBENDAS,921,MADRID,0010_013,2004477,5/23/14,34178,0.577,Foster's Hollywood 2.0 (May_14)
S019,FH EQUINOCCIO,28220,MAJADAHONDA,921,MADRID,0010_013,2004478,5/22/14,31459,0.914,Foster's Hollywood 2.0 (May_14)
CT05118,ALBASANZ,28037,MADRID,921,MADRID,0010_002,2004495,5/23/14,31595,0.9048,Check Cañas y Tapas BARRA Esp (0114)
F001492,KINEPOLIS MADRID,28223,MADRID,921,MADRID,0010_002,2004496,5/23/14,31157,0.7742,Check Cañas y Tapas BARRA Esp (0114)
Z001421,CUADERNILLOS,28805,ALCALÁ DE HENARES,921,MADRID,0010_003,2004497,5/22/14,32247,0.9746,Check iL Tempietto (0114)
0078a,"AUSARTA MEDIA, S.L.",34000,PALENCIA,921,PALENCIA,0457_003,2004504,5/21/14,R00096,0.8,MYSTERY SHOPPER ESPECIALISTA P1 (MAY_14)
370,GA.PAL.EMPEDRADA,34002,PALENCIA,921,PALENCIA,0045_001,2004507,5/21/14,R02031,0.97,Cuestionario Gadis nuevas ponderaciones
376,GA.PAL.HNOS.LOPEZ FRANCOS,34003,PALENCIA,921,PALENCIA,0045_001,2004508,5/27/14,R02048,0.714,Cuestionario Gadis nuevas ponderaciones
FH05334,FH LINARES,23700,LINARES,921,JAEN,0010_001,2004509,5/23/14,33412,0.974,Cuestionario Foster's Hollywood (May_14)
1074,SERVICIOS INFORM. CANDELEDA,5200,AREVALO,921,AVILA,0457_003,2004515,5/21/14,R00096,0.9667,MYSTERY SHOPPER ESPECIALISTA P1 (MAY_14)
1613,"TOTALFAN, S.L.",47400,MEDINA DEL CAMPO,921,VALLADOLID,0457_003,2004520,5/21/14,R00096,0.9667,MYSTERY SHOPPER ESPECIALISTA P1 (MAY_14)
532,ALIMERKA-VILLA DEL PRADO,27780,VILLA DEL PRADO,921,VALLADOLID,0207_001,2004521,5/22/14,R02031,0.9611,Check Alimerka Marzo 2012
543,ALIMERKA-TORDESILLAS,27780,TORDESILLAS,921,VALLADOLID,0207_001,2004524,5/21/14,R00096,0.9345,Check Alimerka Marzo 2012
363,GA.MED.PADILLA,47400,MEDINA DEL CAMPO,921,VALLADOLID,0045_001,2004525,5/21/14,R02031,0.988,Cuestionario Gadis nuevas ponderaciones
367,GA.VALL.LA VICTORIA,47009,VALLADOLID,921,VALLADOLID,0045_001,2004526,5/22/14,R00096,0.967,Cuestionario Gadis nuevas ponderaciones
378,GA.VALL.AV DE ZAMORA,47008,VALLADOLID,921,VALLADOLID,0045_001,2004527,5/27/14,R31755,0.88,Cuestionario Gadis nuevas ponderaciones
FH05380,FH GETAFE 3,28905,GETAFE,921,MADRID,0010_007,2004533,5/24/14,33228,1,Cuestionario Foster's Home Delivery (0114)
327,OLIVEROS,43870,AMPOSTA,921,TARRAGONA,0457_002,2004538,5/20/14,A33663,0.9508,RESUMEN FFQQ PEC - P1 (14.15)
327,OLIVEROS,43870,AMPOSTA,921,TARRAGONA,0457_002,2004539,5/20/14,A33663,0.985,FFQQ PROCESOS - P1 (14.15)
327,OLIVEROS,43870,AMPOSTA,921,TARRAGONA,0457_002,2004540,5/20/14,A33663,0.8328,FFQQ NUEVA IMAGEN (ESPECIALISTAS ) - P1 (14.15)
183a,LORCA - Juan Carlos I,30800,Lorca,921,MURCIA,0457_002,2004541,5/20/14,A02790,0.8125,RESUMEN FFQQ PEC - P1 (14.15)
183a,LORCA - Juan Carlos I,30800,Lorca,921,MURCIA,0457_002,2004542,5/20/14,A02790,1,FFQQ PROCESOS 2.0 - P1 (14.15)
183a,LORCA - Juan Carlos I,30800,Lorca,921,MURCIA,0457_002,2004543,5/20/14,A02790,1,FFQQ IMAGEN 2.0 P1 (14.15)
3361,AUTO ESTELLER,12500,VINAROS,921,CASTELLON,0524_004,2004559,5/30/14,32683,0.6206,Cuestionario Seat Ibiza 2º Trim 2014
60,LAS HUERTAS -13-,34004,PALENCIA,921,PALENCIA,0101_001,2004560,5/22/14,R00096,0.95,Cuestionario Paco Martinez
3652,COLLADO SERVICIOS,34003,PALENCIA,921,PALENCIA,0524_004,2004561,5/27/14,R31755,0.8498,Cuestionario Seat Ibiza 2º Trim 2014
S41,Bucaramanga,28033,Madrid,921,MADRID,0133_001,2004562,5/24/14,2498,0.6191,Saba_cuestionario MS
S42,Mostenses,28015,Madrid,921,MADRID,0133_001,2004564,5/24/14,2498,0.6975,Saba_cuestionario MS
S10,Joan Güell,8021,Barcelona,921,BARCELONA,0133_001,2004566,5/28/14,32942,1,Saba_cuestionario MS
S10,Joan Güell,8021,Barcelona,921,BARCELONA,0133_001,2004567,6/12/14,31144,1,Saba_cuestionario MS
S12,Lluís Companys,8003,Barcelona,921,BARCELONA,0133_001,2004568,5/27/14,33133,0.9676,Saba_cuestionario MS
S2,Pl. La Plana,8912,Badalona,921,BARCELONA,0133_001,2004570,5/29/14,29501,0.9413,Saba_cuestionario MS
S21,Riera de Sant Vicenç,17489,Cadaqués,921,GIRONA,0133_001,2004572,5/24/14,30896,1,Saba_cuestionario MS
S28,Hospital Sant Joan de Déu,8950,Esplugues de Llobregat,921,BARCELONA,0133_001,2004576,5/29/14,29175,0.72,Saba_cuestionario MS
S28,Hospital Sant Joan de Déu,8950,Esplugues de Llobregat,921,BARCELONA,0133_001,2004577,6/9/14,33444,0.8164,Saba_cuestionario MS
S29,El Firal,17600,Figueres,921,GIRONA,0133_001,2004579,6/13/14,32571,0.9597,Saba_cuestionario MS
S43,Can Xammar,8301,Mataró,921,BARCELONA,0133_001,2004582,5/24/14,32942,0.8901,Saba_cuestionario MS
S44,La Riera,8301,Mataró,921,BARCELONA,0133_001,2004584,5/24/14,32942,0.92,Saba_cuestionario MS
S59,Cal Rondina,8720,Vilafranca del Penedès,921,BARCELONA,0133_001,2004586,5/31/14,31708,0.8359,Saba_cuestionario MS
S65,Pl. Europa,17250,Platja d´Aro,921,GIRONA,0133_001,2004588,6/7/14,32942,0.88,Saba_cuestionario MS
S66,Pl. del Mercat,8750,Molins de Rei,921,BARCELONA,0133_001,2004590,5/29/14,29501,0.6964,Saba_cuestionario MS
S67,Sa Gerreria,7002,Palma de Mallorca,921,BALEARES,0133_001,2004592,5/26/14,32528,0.9114,Saba_cuestionario MS
S69,Cornellà,8940,Cornellà,921,BARCELONA,0133_001,2004594,5/29/14,29501,0.8457,Saba_cuestionario MS
S70,Castellar del Vallès,8211,Castellar del Vallès,921,BARCELONA,0133_001,2004596,5/31/14,30845,0.9695,Saba_cuestionario MS
S9,Hospital de Sant Pau,8025,Barcelona,921,BARCELONA,0133_001,2004598,5/22/14,33133,1,Saba_cuestionario MS
1,USHUAÏA IBIZA BEACH HOTEL,7800,Ibiza,921,BALEARES,0531_001,2004600,6/3/14,33663,0.896,Cue. MGuest_Estandar_vacacional_res_rec_ha_2014_eu
1,USHUAÏA IBIZA BEACH HOTEL,7800,Ibiza,921,BALEARES,0531_001,2004601,6/3/14,33663,0.881,Cue. MGuest_Estandar_vacacional_hosteleria_2014_eu
1,USHUAÏA IBIZA BEACH HOTEL,7800,Ibiza,921,BALEARES,0531_001,2004602,6/3/14,33663,0.736,Cue. MGuest_Estandar_vacacional_act_zon.co_2014_eu
5,PALMYRA,7820,Sant Antoni,921,BALEARES,0531_001,2004610,6/1/14,29962,0.795,Cue. MGuest_Estandar_vacacional_res_rec_ha_2014_eu
5,PALMYRA,7820,Sant Antoni,921,BALEARES,0531_001,2004611,6/1/14,29962,0.852,Cue. MGuest_Estandar_vacacional_hosteleria_2014_eu
5,PALMYRA,7820,Sant Antoni,921,BALEARES,0531_001,2004612,6/1/14,29962,0.876,Cue. MGuest_Estandar_vacacional_act_zon.co_2014_eu